metric,models,mean,training_seed_std,training_seed_min,training_seed_max
avg_waiting_time,3,19.507445337152074,0.5885621600823386,18.924770745525752,20.101723479477574
max_waiting_time,3,68.58333333333333,2.4837946998717726,65.90833333333333,70.81666666666666
avg_queue,3,17.47276851851852,0.501063776045135,17.039083333333334,18.02127777777778
max_queue,3,40.37222222222223,0.8489099764687332,39.46666666666667,41.15
episode_reward,3,-122.9974388425926,2.6901720294598466,-126.09562868055556,-121.25356111111114
throughput,3,187.47222222222226,1.202351091881296,186.5,188.81666666666666
phase_changes,3,41.32222222222222,0.4667658624732199,40.85,41.78333333333333
forced_changes,3,19.849999999999998,0.7073031724640969,19.033333333333335,20.266666666666666
demanded,3,229.0666666666667,3.4809342861069267e-14,229.06666666666666,229.06666666666666
departed,3,228.89444444444442,0.13877773329775023,228.78333333333333,229.05
unfinished,3,41.422222222222224,1.3224906356876316,39.96666666666667,42.55
pending,3,0.1722222222222222,0.13877773329774218,0.016666666666666666,0.2833333333333333
max_pending,3,2.4277777777777776,0.13877773329774218,2.316666666666667,2.5833333333333335
collisions,3,0.0,0.0,0.0,0.0
teleports,3,0.0,0.0,0.0,0.0
duration,3,300.0,0.0,300.0,300.0
