first,second,scenario,metric,paired_cases,mean_difference,ci95_low,ci95_high
rule,dqn_mean,all,avg_waiting_time,60,0.37019321803266947,-0.22989810290599758,0.9993844936990595
rule,dqn_mean,all,max_waiting_time,60,13.166666666666668,9.538541666666667,16.650486111111107
rule,dqn_mean,all,avg_queue,60,0.37439814814814815,-0.11050185185185167,0.8771717592592587
rule,dqn_mean,all,max_queue,60,0.12777777777777774,-1.1999999999999997,1.444444444444444
rule,dqn_mean,all,episode_reward,60,-13.522746504629623,-16.980860994791666,-10.240628367476834
rule,dqn_mean,all,throughput,60,-3.955555555555556,-5.616805555555555,-2.277638888888891
rule,dqn_mean,all,phase_changes,60,5.7444444444444445,5.283333333333334,6.188888888888889
rule,dqn_mean,all,forced_changes,60,-3.566666666666667,-4.050138888888888,-3.0888888888888886
rule,dqn_mean,all,demanded,60,0.0,0.0,0.0
rule,dqn_mean,all,departed,60,-0.24444444444444477,-0.6111111111111114,0.1333333333333324
rule,dqn_mean,all,unfinished,60,3.7111111111111112,2.077638888888888,5.355694444444443
rule,dqn_mean,all,pending,60,0.24444444444444444,-0.13333333333333336,0.611111111111111
rule,dqn_mean,all,max_pending,60,0.40555555555555556,0.022222222222222233,0.8223611111111093
rule,dqn_mean,all,collisions,60,0.0,0.0,0.0
rule,dqn_mean,all,teleports,60,0.0,0.0,0.0
rule,dqn_mean,all,duration,60,0.0,0.0,0.0
rule,cycle_safe,all,avg_waiting_time,60,-3.9338777887082474,-4.8313900434773345,-3.0076707473807334
rule,cycle_safe,all,max_waiting_time,60,-13.366666666666667,-18.758333333333333,-8.007708333333342
rule,cycle_safe,all,avg_queue,60,-2.1853333333333325,-2.922177083333333,-1.4301361111111113
rule,cycle_safe,all,max_queue,60,-6.116666666666666,-8.366666666666667,-3.933333333333333
rule,cycle_safe,all,episode_reward,60,10.20516902777779,5.567597532986118,14.83771030034723
rule,cycle_safe,all,throughput,60,-1.75,-4.100416666666666,0.6004166666666606
rule,cycle_safe,all,phase_changes,60,7.066666666666666,6.583333333333333,7.55
rule,cycle_safe,all,forced_changes,60,16.283333333333335,15.666666666666666,16.883749999999992
rule,cycle_safe,all,demanded,60,0.0,0.0,0.0
rule,cycle_safe,all,departed,60,0.8833333333333333,0.7166666666666667,1.0833333333333333
rule,cycle_safe,all,unfinished,60,2.6333333333333333,0.26666666666666666,4.983333333333333
rule,cycle_safe,all,pending,60,-0.8833333333333333,-1.0833333333333333,-0.7166666666666667
rule,cycle_safe,all,max_pending,60,-0.7333333333333333,-0.9666666666666667,-0.5
rule,cycle_safe,all,collisions,60,0.0,0.0,0.0
rule,cycle_safe,all,teleports,60,0.0,0.0,0.0
rule,cycle_safe,all,duration,60,0.0,0.0,0.0
dqn_mean,cycle_safe,all,avg_waiting_time,60,-4.304071006740917,-5.014626230033998,-3.571088353050982
dqn_mean,cycle_safe,all,max_waiting_time,60,-26.533333333333335,-31.397361111111113,-21.680347222222224
dqn_mean,cycle_safe,all,avg_queue,60,-2.559731481481481,-3.1804629629629626,-1.92081851851852
dqn_mean,cycle_safe,all,max_queue,60,-6.2444444444444445,-8.294583333333334,-4.255416666666669
dqn_mean,cycle_safe,all,episode_reward,60,23.727915532407415,19.82111229456019,27.448939339120386
dqn_mean,cycle_safe,all,throughput,60,2.205555555555556,0.4830555555555565,3.911111111111111
dqn_mean,cycle_safe,all,phase_changes,60,1.3222222222222224,1.061111111111111,1.566666666666667
dqn_mean,cycle_safe,all,forced_changes,60,19.85,19.450000000000003,20.255555555555553
dqn_mean,cycle_safe,all,demanded,60,0.0,0.0,0.0
dqn_mean,cycle_safe,all,departed,60,1.127777777777778,0.8222222222222229,1.45
dqn_mean,cycle_safe,all,unfinished,60,-1.0777777777777777,-2.8112499999999994,0.6556944444444421
dqn_mean,cycle_safe,all,pending,60,-1.1277777777777775,-1.45,-0.8222222222222222
dqn_mean,cycle_safe,all,max_pending,60,-1.1388888888888888,-1.5055555555555558,-0.8276388888888908
dqn_mean,cycle_safe,all,collisions,60,0.0,0.0,0.0
dqn_mean,cycle_safe,all,teleports,60,0.0,0.0,0.0
dqn_mean,cycle_safe,all,duration,60,0.0,0.0,0.0
rule,dqn_mean,uniform,avg_waiting_time,5,1.886182568642133,0.02751866490996946,3.466512599072497
rule,dqn_mean,uniform,max_waiting_time,5,6.300000000000002,-2.9999999999999987,15.733333333333338
rule,dqn_mean,uniform,avg_queue,5,1.0976666666666663,0.09366666666666665,1.9562222222222219
rule,dqn_mean,uniform,max_queue,5,3.4,0.5999999999999996,6.2
rule,dqn_mean,uniform,episode_reward,5,-11.413943333333332,-19.55340416666666,-2.4458019444444288
rule,dqn_mean,uniform,throughput,5,-6.066666666666668,-10.333333333333332,-1.9333333333333371
rule,dqn_mean,uniform,phase_changes,5,10.066666666666666,9.2,10.999999999999998
rule,dqn_mean,uniform,forced_changes,5,-4.4,-5.533333333333333,-3.4666666666666663
rule,dqn_mean,uniform,demanded,5,0.0,0.0,0.0
rule,dqn_mean,uniform,departed,5,0.0,0.0,0.0
rule,dqn_mean,uniform,unfinished,5,6.066666666666667,1.9333333333333336,10.333333333333334
rule,dqn_mean,uniform,pending,5,0.0,0.0,0.0
rule,dqn_mean,uniform,max_pending,5,0.0,0.0,0.0
rule,dqn_mean,uniform,collisions,5,0.0,0.0,0.0
rule,dqn_mean,uniform,teleports,5,0.0,0.0,0.0
rule,dqn_mean,uniform,duration,5,0.0,0.0,0.0
rule,cycle_safe,uniform,avg_waiting_time,5,-1.8890588609080847,-4.439147242946573,0.6610295211304038
rule,cycle_safe,uniform,max_waiting_time,5,-21.2,-33.5,-4.7
rule,cycle_safe,uniform,avg_queue,5,-0.9026666666666665,-2.1799999999999993,0.37466666666666626
rule,cycle_safe,uniform,max_queue,5,0.2,-4.2,3.8
rule,cycle_safe,uniform,episode_reward,5,9.916040833333371,-1.8688049999999437,20.343152500000024
rule,cycle_safe,uniform,throughput,5,-3.6,-7.4,0.0
rule,cycle_safe,uniform,phase_changes,5,12.4,11.6,13.2
rule,cycle_safe,uniform,forced_changes,5,10.6,8.6,12.8
rule,cycle_safe,uniform,demanded,5,0.0,0.0,0.0
rule,cycle_safe,uniform,departed,5,0.0,0.0,0.0
rule,cycle_safe,uniform,unfinished,5,3.6,0.0,7.4
rule,cycle_safe,uniform,pending,5,0.0,0.0,0.0
rule,cycle_safe,uniform,max_pending,5,0.0,0.0,0.0
rule,cycle_safe,uniform,collisions,5,0.0,0.0,0.0
rule,cycle_safe,uniform,teleports,5,0.0,0.0,0.0
rule,cycle_safe,uniform,duration,5,0.0,0.0,0.0
dqn_mean,cycle_safe,uniform,avg_waiting_time,5,-3.775241429550218,-5.582984519753748,-2.1156091204273673
dqn_mean,cycle_safe,uniform,max_waiting_time,5,-27.500000000000007,-39.53333333333334,-15.2
dqn_mean,cycle_safe,uniform,avg_queue,5,-2.000333333333333,-2.8814611111111104,-1.1595555555555555
dqn_mean,cycle_safe,uniform,max_queue,5,-3.1999999999999997,-5.533333333333333,-1.6666666666666665
dqn_mean,cycle_safe,uniform,episode_reward,5,21.3299841666667,12.639263611111142,29.674992222222265
dqn_mean,cycle_safe,uniform,throughput,5,2.4666666666666686,0.06666666666666857,5.071666666666595
dqn_mean,cycle_safe,uniform,phase_changes,5,2.3333333333333344,1.6666666666666672,3.0000000000000013
dqn_mean,cycle_safe,uniform,forced_changes,5,15.0,13.866666666666665,16.133333333333333
dqn_mean,cycle_safe,uniform,demanded,5,0.0,0.0,0.0
dqn_mean,cycle_safe,uniform,departed,5,0.0,0.0,0.0
dqn_mean,cycle_safe,uniform,unfinished,5,-2.4666666666666672,-5.071666666666666,-0.06666666666666679
dqn_mean,cycle_safe,uniform,pending,5,0.0,0.0,0.0
dqn_mean,cycle_safe,uniform,max_pending,5,0.0,0.0,0.0
dqn_mean,cycle_safe,uniform,collisions,5,0.0,0.0,0.0
dqn_mean,cycle_safe,uniform,teleports,5,0.0,0.0,0.0
dqn_mean,cycle_safe,uniform,duration,5,0.0,0.0,0.0
rule,dqn_mean,north_south_congested,avg_waiting_time,5,1.7497283319860675,0.9683969500702627,2.965322197696687
rule,dqn_mean,north_south_congested,max_waiting_time,5,23.366666666666667,13.6,37.0
rule,dqn_mean,north_south_congested,avg_queue,5,1.2533333333333334,0.7126666666666666,2.020111111111111
rule,dqn_mean,north_south_congested,max_queue,5,1.6666666666666672,-2.133333333333333,5.8
rule,dqn_mean,north_south_congested,episode_reward,5,-16.57156416666663,-24.345141944444396,-9.667623055555532
rule,dqn_mean,north_south_congested,throughput,5,-5.0,-8.200000000000006,-2.8666666666666685
rule,dqn_mean,north_south_congested,phase_changes,5,5.866666666666667,5.000000000000002,6.534999999999976
rule,dqn_mean,north_south_congested,forced_changes,5,-4.933333333333333,-6.266666666666666,-3.5333333333333337
rule,dqn_mean,north_south_congested,demanded,5,0.0,0.0,0.0
rule,dqn_mean,north_south_congested,departed,5,0.0,0.0,0.0
rule,dqn_mean,north_south_congested,unfinished,5,5.000000000000002,2.866666666666668,8.200000000000001
rule,dqn_mean,north_south_congested,pending,5,0.0,0.0,0.0
rule,dqn_mean,north_south_congested,max_pending,5,0.0,0.0,0.0
rule,dqn_mean,north_south_congested,collisions,5,0.0,0.0,0.0
rule,dqn_mean,north_south_congested,teleports,5,0.0,0.0,0.0
rule,dqn_mean,north_south_congested,duration,5,0.0,0.0,0.0
rule,cycle_safe,north_south_congested,avg_waiting_time,5,-11.68275324801564,-15.61553151259633,-7.745673072938592
rule,cycle_safe,north_south_congested,max_waiting_time,5,-29.2,-47.8,-14.3
rule,cycle_safe,north_south_congested,avg_queue,5,-8.740333333333334,-11.9,-5.574333333333333
rule,cycle_safe,north_south_congested,max_queue,5,-25.4,-35.4,-16.0
rule,cycle_safe,north_south_congested,episode_reward,5,46.674318333333346,34.54263083333334,58.02429500000005
rule,cycle_safe,north_south_congested,throughput,5,11.0,-1.0,20.6
rule,cycle_safe,north_south_congested,phase_changes,5,8.4,7.6,9.2
rule,cycle_safe,north_south_congested,forced_changes,5,14.8,12.8,16.4
rule,cycle_safe,north_south_congested,demanded,5,0.0,0.0,0.0
rule,cycle_safe,north_south_congested,departed,5,0.0,0.0,0.0
rule,cycle_safe,north_south_congested,unfinished,5,-11.0,-20.6,1.0
rule,cycle_safe,north_south_congested,pending,5,0.0,0.0,0.0
rule,cycle_safe,north_south_congested,max_pending,5,0.0,0.0,0.0
rule,cycle_safe,north_south_congested,collisions,5,0.0,0.0,0.0
rule,cycle_safe,north_south_congested,teleports,5,0.0,0.0,0.0
rule,cycle_safe,north_south_congested,duration,5,0.0,0.0,0.0
dqn_mean,cycle_safe,north_south_congested,avg_waiting_time,5,-13.43248158000171,-16.85837425263175,-10.684285403402535
dqn_mean,cycle_safe,north_south_congested,max_waiting_time,5,-52.56666666666668,-69.13333333333333,-34.233333333333334
dqn_mean,cycle_safe,north_south_congested,avg_queue,5,-9.993666666666668,-12.681333333333333,-7.604666666666665
dqn_mean,cycle_safe,north_south_congested,max_queue,5,-27.06666666666667,-35.66666666666667,-19.46666666666667
dqn_mean,cycle_safe,north_south_congested,episode_reward,5,63.24588249999998,54.244218888888874,72.24754611111109
dqn_mean,cycle_safe,north_south_congested,throughput,5,16.0,6.866666666666674,24.333333333333332
dqn_mean,cycle_safe,north_south_congested,phase_changes,5,2.5333333333333328,2.0666666666666655,2.9333333333333327
dqn_mean,cycle_safe,north_south_congested,forced_changes,5,19.73333333333333,18.400000000000002,21.0
dqn_mean,cycle_safe,north_south_congested,demanded,5,0.0,0.0,0.0
dqn_mean,cycle_safe,north_south_congested,departed,5,0.0,0.0,0.0
dqn_mean,cycle_safe,north_south_congested,unfinished,5,-16.000000000000004,-24.333333333333336,-6.866666666666667
dqn_mean,cycle_safe,north_south_congested,pending,5,0.0,0.0,0.0
dqn_mean,cycle_safe,north_south_congested,max_pending,5,0.0,0.0,0.0
dqn_mean,cycle_safe,north_south_congested,collisions,5,0.0,0.0,0.0
dqn_mean,cycle_safe,north_south_congested,teleports,5,0.0,0.0,0.0
dqn_mean,cycle_safe,north_south_congested,duration,5,0.0,0.0,0.0
rule,dqn_mean,east_west_congested,avg_waiting_time,5,0.3061239916221233,-0.7998292305203059,1.191672250454858
rule,dqn_mean,east_west_congested,max_waiting_time,5,11.200000000000001,-0.6666666666666657,23.0
rule,dqn_mean,east_west_congested,avg_queue,5,0.259333333333333,-0.542666666666667,0.9136666666666671
rule,dqn_mean,east_west_congested,max_queue,5,2.8,0.13333333333333286,6.133333333333334
rule,dqn_mean,east_west_congested,episode_reward,5,-8.183915833333382,-16.561272500000108,0.3828744444444254
rule,dqn_mean,east_west_congested,throughput,5,-2.4666666666666743,-9.200000000000006,4.0666666666666575
rule,dqn_mean,east_west_congested,phase_changes,5,4.4,2.866666666666667,5.933333333333333
rule,dqn_mean,east_west_congested,forced_changes,5,-4.066666666666667,-6.8,-1.5333333333333337
rule,dqn_mean,east_west_congested,demanded,5,0.0,0.0,0.0
rule,dqn_mean,east_west_congested,departed,5,0.0,0.0,0.0
rule,dqn_mean,east_west_congested,unfinished,5,2.466666666666666,-4.066666666666667,9.2
rule,dqn_mean,east_west_congested,pending,5,0.0,0.0,0.0
rule,dqn_mean,east_west_congested,max_pending,5,0.0,0.0,0.0
rule,dqn_mean,east_west_congested,collisions,5,0.0,0.0,0.0
rule,dqn_mean,east_west_congested,teleports,5,0.0,0.0,0.0
rule,dqn_mean,east_west_congested,duration,5,0.0,0.0,0.0
rule,cycle_safe,east_west_congested,avg_waiting_time,5,-9.547198418821859,-11.803292606861124,-8.366371383002962
rule,cycle_safe,east_west_congested,max_waiting_time,5,-24.7,-30.7,-13.3
rule,cycle_safe,east_west_congested,avg_queue,5,-7.220000000000001,-9.008999999999999,-6.129666666666668
rule,cycle_safe,east_west_congested,max_queue,5,-24.4,-31.2,-20.6
rule,cycle_safe,east_west_congested,episode_reward,5,34.0161058333333,24.574189166666617,41.31212083333338
rule,cycle_safe,east_west_congested,throughput,5,22.4,16.4,31.6
rule,cycle_safe,east_west_congested,phase_changes,5,7.4,6.2,8.4
rule,cycle_safe,east_west_congested,forced_changes,5,15.0,12.6,17.4
rule,cycle_safe,east_west_congested,demanded,5,0.0,0.0,0.0
rule,cycle_safe,east_west_congested,departed,5,0.0,0.0,0.0
rule,cycle_safe,east_west_congested,unfinished,5,-22.4,-31.6,-16.4
rule,cycle_safe,east_west_congested,pending,5,0.0,0.0,0.0
rule,cycle_safe,east_west_congested,max_pending,5,0.0,0.0,0.0
rule,cycle_safe,east_west_congested,collisions,5,0.0,0.0,0.0
rule,cycle_safe,east_west_congested,teleports,5,0.0,0.0,0.0
rule,cycle_safe,east_west_congested,duration,5,0.0,0.0,0.0
dqn_mean,cycle_safe,east_west_congested,avg_waiting_time,5,-9.853322410443983,-12.240612242402005,-7.835674641148326
dqn_mean,cycle_safe,east_west_congested,max_waiting_time,5,-35.9,-52.966666666666676,-16.866666666666667
dqn_mean,cycle_safe,east_west_congested,avg_queue,5,-7.479333333333334,-9.395333333333333,-5.725555555555554
dqn_mean,cycle_safe,east_west_congested,max_queue,5,-27.2,-32.4,-22.533333333333335
dqn_mean,cycle_safe,east_west_congested,episode_reward,5,42.20002166666668,29.058823611111052,53.92150416666671
dqn_mean,cycle_safe,east_west_congested,throughput,5,24.866666666666674,18.466666666666676,30.400000000000006
dqn_mean,cycle_safe,east_west_congested,phase_changes,5,3.0,2.0000000000000013,3.9333333333333313
dqn_mean,cycle_safe,east_west_congested,forced_changes,5,19.06666666666667,18.800000000000004,19.400000000000002
dqn_mean,cycle_safe,east_west_congested,demanded,5,0.0,0.0,0.0
dqn_mean,cycle_safe,east_west_congested,departed,5,0.0,0.0,0.0
dqn_mean,cycle_safe,east_west_congested,unfinished,5,-24.866666666666664,-30.4,-18.46666666666666
dqn_mean,cycle_safe,east_west_congested,pending,5,0.0,0.0,0.0
dqn_mean,cycle_safe,east_west_congested,max_pending,5,0.0,0.0,0.0
dqn_mean,cycle_safe,east_west_congested,collisions,5,0.0,0.0,0.0
dqn_mean,cycle_safe,east_west_congested,teleports,5,0.0,0.0,0.0
dqn_mean,cycle_safe,east_west_congested,duration,5,0.0,0.0,0.0
rule,dqn_mean,left_turn_congested,avg_waiting_time,5,0.4225580261119141,-1.433896710193214,1.8934572889195749
rule,dqn_mean,left_turn_congested,max_waiting_time,5,16.533333333333335,9.500000000000002,25.433333333333334
rule,dqn_mean,left_turn_congested,avg_queue,5,-0.006888888888887834,-1.1512222222222204,0.9726666666666677
rule,dqn_mean,left_turn_congested,max_queue,5,1.066666666666667,-2.1333333333333337,3.2
rule,dqn_mean,left_turn_congested,episode_reward,5,-10.626732499999974,-20.509851388888794,-2.8661336111111098
rule,dqn_mean,left_turn_congested,throughput,5,-6.066666666666668,-10.133333333333331,-2.533333333333337
rule,dqn_mean,left_turn_congested,phase_changes,5,6.866666666666665,6.066666666666665,7.733333333333334
rule,dqn_mean,left_turn_congested,forced_changes,5,-4.666666666666666,-6.4,-2.4650000000000234
rule,dqn_mean,left_turn_congested,demanded,5,0.0,0.0,0.0
rule,dqn_mean,left_turn_congested,departed,5,-4.2,-7.4049999999999985,-1.2
rule,dqn_mean,left_turn_congested,unfinished,5,1.8666666666666671,-0.5333333333333329,4.000000000000002
rule,dqn_mean,left_turn_congested,pending,5,4.2,1.2,7.404999999999927
rule,dqn_mean,left_turn_congested,max_pending,5,6.6,4.2,8.866666666666665
rule,dqn_mean,left_turn_congested,collisions,5,0.0,0.0,0.0
rule,dqn_mean,left_turn_congested,teleports,5,0.0,0.0,0.0
rule,dqn_mean,left_turn_congested,duration,5,0.0,0.0,0.0
rule,cycle_safe,left_turn_congested,avg_waiting_time,5,-9.457485016969905,-12.99940783033577,-6.2493627907225475
rule,cycle_safe,left_turn_congested,max_waiting_time,5,-80.7,-95.4,-68.1
rule,cycle_safe,left_turn_congested,avg_queue,5,-5.4639999999999995,-7.766333333333333,-3.497666666666665
rule,cycle_safe,left_turn_congested,max_queue,5,-8.8,-12.8,-5.0
rule,cycle_safe,left_turn_congested,episode_reward,5,49.05107416666665,30.689354166666682,67.41279416666663
rule,cycle_safe,left_turn_congested,throughput,5,4.2,-0.2,8.0
rule,cycle_safe,left_turn_congested,phase_changes,5,8.4,7.4,9.8
rule,cycle_safe,left_turn_congested,forced_changes,5,14.8,12.8,17.404999999999927
rule,cycle_safe,left_turn_congested,demanded,5,0.0,0.0,0.0
rule,cycle_safe,left_turn_congested,departed,5,10.0,8.2,12.2
rule,cycle_safe,left_turn_congested,unfinished,5,5.8,2.6,9.0
rule,cycle_safe,left_turn_congested,pending,5,-10.0,-12.2,-8.2
rule,cycle_safe,left_turn_congested,max_pending,5,-7.8,-9.8,-5.4
rule,cycle_safe,left_turn_congested,collisions,5,0.0,0.0,0.0
rule,cycle_safe,left_turn_congested,teleports,5,0.0,0.0,0.0
rule,cycle_safe,left_turn_congested,duration,5,0.0,0.0,0.0
dqn_mean,cycle_safe,left_turn_congested,avg_waiting_time,5,-9.88004304308182,-12.562232097720873,-7.1978539884427635
dqn_mean,cycle_safe,left_turn_congested,max_waiting_time,5,-97.23333333333333,-105.93333333333335,-92.3
dqn_mean,cycle_safe,left_turn_congested,avg_queue,5,-5.457111111111111,-7.2041111111111125,-3.710111111111111
dqn_mean,cycle_safe,left_turn_congested,max_queue,5,-9.866666666666667,-12.4,-7.2
dqn_mean,cycle_safe,left_turn_congested,episode_reward,5,59.677806666666626,49.05801944444441,70.29759388888884
dqn_mean,cycle_safe,left_turn_congested,throughput,5,10.26666666666667,6.866666666666674,13.666666666666663
dqn_mean,cycle_safe,left_turn_congested,phase_changes,5,1.5333333333333343,0.46666666666666573,2.533333333333336
dqn_mean,cycle_safe,left_turn_congested,forced_changes,5,19.466666666666665,19.066666666666666,19.93333333333333
dqn_mean,cycle_safe,left_turn_congested,demanded,5,0.0,0.0,0.0
dqn_mean,cycle_safe,left_turn_congested,departed,5,14.2,11.4,17.0
dqn_mean,cycle_safe,left_turn_congested,unfinished,5,3.9333333333333327,1.1300000000000008,7.266666666666664
dqn_mean,cycle_safe,left_turn_congested,pending,5,-14.2,-17.0,-11.4
dqn_mean,cycle_safe,left_turn_congested,max_pending,5,-14.4,-15.933333333333332,-12.599999999999998
dqn_mean,cycle_safe,left_turn_congested,collisions,5,0.0,0.0,0.0
dqn_mean,cycle_safe,left_turn_congested,teleports,5,0.0,0.0,0.0
dqn_mean,cycle_safe,left_turn_congested,duration,5,0.0,0.0,0.0
rule,dqn_mean,heavy,avg_waiting_time,5,-3.835780414438794,-5.72981207884987,-1.9052482171419372
rule,dqn_mean,heavy,max_waiting_time,5,18.400000000000002,-2.266666666666663,33.56666666666666
rule,dqn_mean,heavy,avg_queue,5,-5.358999999999999,-8.053777777777778,-2.664222222222219
rule,dqn_mean,heavy,max_queue,5,-23.200000000000006,-31.46666666666667,-14.466666666666674
rule,dqn_mean,heavy,episode_reward,5,-19.786673333333304,-30.48445694444431,-9.088889722222302
rule,dqn_mean,heavy,throughput,5,7.3333333333333375,-1.2666666666666628,15.933333333333337
rule,dqn_mean,heavy,phase_changes,5,3.4,2.266666666666667,4.533333333333333
rule,dqn_mean,heavy,forced_changes,5,-0.9333333333333336,-2.0666666666666664,0.1999999999999993
rule,dqn_mean,heavy,demanded,5,0.0,0.0,0.0
rule,dqn_mean,heavy,departed,5,2.066666666666663,0.0,5.399999999999989
rule,dqn_mean,heavy,unfinished,5,-5.266666666666668,-14.066666666666674,2.9333333333333313
rule,dqn_mean,heavy,pending,5,-2.066666666666667,-5.4,0.0
rule,dqn_mean,heavy,max_pending,5,-3.133333333333333,-6.333333333333332,-0.1333333333333333
rule,dqn_mean,heavy,collisions,5,0.0,0.0,0.0
rule,dqn_mean,heavy,teleports,5,0.0,0.0,0.0
rule,dqn_mean,heavy,duration,5,0.0,0.0,0.0
rule,cycle_safe,heavy,avg_waiting_time,5,1.3907472775397693,-0.7791639749179111,3.3242442059238497
rule,cycle_safe,heavy,max_waiting_time,5,27.6,11.3,41.9
rule,cycle_safe,heavy,avg_queue,5,2.1596666666666677,-0.9756666666666647,4.981333333333334
rule,cycle_safe,heavy,max_queue,5,4.8,-2.2,11.8
rule,cycle_safe,heavy,episode_reward,5,-27.7980283333333,-33.406211666666614,-22.21352666666662
rule,cycle_safe,heavy,throughput,5,-24.6,-33.2,-15.6
rule,cycle_safe,heavy,phase_changes,5,2.8,1.8,3.6
rule,cycle_safe,heavy,forced_changes,5,22.6,21.8,23.4
rule,cycle_safe,heavy,demanded,5,0.0,0.0,0.0
rule,cycle_safe,heavy,departed,5,0.6,0.0,1.8
rule,cycle_safe,heavy,unfinished,5,25.2,15.6,34.8
rule,cycle_safe,heavy,pending,5,-0.6,-1.8,0.0
rule,cycle_safe,heavy,max_pending,5,-1.0,-3.0,0.0
rule,cycle_safe,heavy,collisions,5,0.0,0.0,0.0
rule,cycle_safe,heavy,teleports,5,0.0,0.0,0.0
rule,cycle_safe,heavy,duration,5,0.0,0.0,0.0
dqn_mean,cycle_safe,heavy,avg_waiting_time,5,5.226527691978563,3.741993347942935,6.711062036014193
dqn_mean,cycle_safe,heavy,max_waiting_time,5,9.199999999999998,-8.866666666666669,22.66666666666666
dqn_mean,cycle_safe,heavy,avg_queue,5,7.518666666666666,5.417333333333332,9.620000000000001
dqn_mean,cycle_safe,heavy,max_queue,5,28.000000000000007,22.466666666666676,32.66666666666667
dqn_mean,cycle_safe,heavy,episode_reward,5,-8.011354999999991,-18.26173361111112,3.648363611111131
dqn_mean,cycle_safe,heavy,throughput,5,-31.933333333333337,-38.06666666666667,-26.933333333333337
dqn_mean,cycle_safe,heavy,phase_changes,5,-0.6,-1.2666666666666644,-0.06666666666666572
dqn_mean,cycle_safe,heavy,forced_changes,5,23.533333333333335,22.733333333333334,24.466666666666665
dqn_mean,cycle_safe,heavy,demanded,5,0.0,0.0,0.0
dqn_mean,cycle_safe,heavy,departed,5,-1.4666666666666628,-3.5999999999999885,0.0
dqn_mean,cycle_safe,heavy,unfinished,5,30.46666666666667,26.26666666666667,34.46666666666667
dqn_mean,cycle_safe,heavy,pending,5,1.4666666666666668,0.0,3.6
dqn_mean,cycle_safe,heavy,max_pending,5,2.133333333333333,0.1333333333333333,4.666666666666666
dqn_mean,cycle_safe,heavy,collisions,5,0.0,0.0,0.0
dqn_mean,cycle_safe,heavy,teleports,5,0.0,0.0,0.0
dqn_mean,cycle_safe,heavy,duration,5,0.0,0.0,0.0
rule,dqn_mean,low,avg_waiting_time,5,-6.553951439743541,-7.158987090367427,-5.947161403154743
rule,dqn_mean,low,max_waiting_time,5,-19.766666666666666,-23.03333333333334,-16.8
rule,dqn_mean,low,avg_queue,5,-0.8687777777777776,-0.9951111111111113,-0.7594444444444444
rule,dqn_mean,low,max_queue,5,-1.4,-1.8,-0.8666666666666665
rule,dqn_mean,low,episode_reward,5,10.02157861111111,8.750923333333333,11.355658888888886
rule,dqn_mean,low,throughput,5,0.6000000000000008,0.13333333333333428,1.3333333333333335
rule,dqn_mean,low,phase_changes,5,4.8,3.666666666666667,5.800000000000002
rule,dqn_mean,low,forced_changes,5,-9.733333333333334,-11.266666666666666,-8.266666666666667
rule,dqn_mean,low,demanded,5,0.0,0.0,0.0
rule,dqn_mean,low,departed,5,0.0,0.0,0.0
rule,dqn_mean,low,unfinished,5,-0.6000000000000001,-1.3333333333333335,-0.13333333333333333
rule,dqn_mean,low,pending,5,0.0,0.0,0.0
rule,dqn_mean,low,max_pending,5,0.0,0.0,0.0
rule,dqn_mean,low,collisions,5,0.0,0.0,0.0
rule,dqn_mean,low,teleports,5,0.0,0.0,0.0
rule,dqn_mean,low,duration,5,0.0,0.0,0.0
rule,cycle_safe,low,avg_waiting_time,5,-8.404710641817438,-8.779385212602689,-8.052719200887902
rule,cycle_safe,low,max_waiting_time,5,-25.3,-29.0,-22.6
rule,cycle_safe,low,avg_queue,5,-1.1293333333333333,-1.3313333333333333,-0.9369999999999997
rule,cycle_safe,low,max_queue,5,-1.6,-2.4,-0.6
rule,cycle_safe,low,episode_reward,5,17.944132499999995,16.252329166666655,19.928706666666677
rule,cycle_safe,low,throughput,5,1.4,0.6,2.0
rule,cycle_safe,low,phase_changes,5,0.2,-1.6,1.8
rule,cycle_safe,low,forced_changes,5,14.6,12.6,16.8
rule,cycle_safe,low,demanded,5,0.0,0.0,0.0
rule,cycle_safe,low,departed,5,0.0,0.0,0.0
rule,cycle_safe,low,unfinished,5,-1.4,-2.0,-0.6
rule,cycle_safe,low,pending,5,0.0,0.0,0.0
rule,cycle_safe,low,max_pending,5,0.0,0.0,0.0
rule,cycle_safe,low,collisions,5,0.0,0.0,0.0
rule,cycle_safe,low,teleports,5,0.0,0.0,0.0
rule,cycle_safe,low,duration,5,0.0,0.0,0.0
dqn_mean,cycle_safe,low,avg_waiting_time,5,-1.8507592020738968,-2.571401515151517,-1.1721906215316316
dqn_mean,cycle_safe,low,max_waiting_time,5,-5.533333333333334,-8.733333333333336,-1.4999999999999987
dqn_mean,cycle_safe,low,avg_queue,5,-0.26055555555555554,-0.38455555555555565,-0.1475555555555554
dqn_mean,cycle_safe,low,max_queue,5,-0.2000000000000001,-0.8,0.26666666666666644
dqn_mean,cycle_safe,low,episode_reward,5,7.922553888888887,6.065642222222218,9.784296388888887
dqn_mean,cycle_safe,low,throughput,5,0.7999999999999993,0.06666666666666714,1.5333333333333314
dqn_mean,cycle_safe,low,phase_changes,5,-4.6,-5.2666666666666675,-3.9333333333333327
dqn_mean,cycle_safe,low,forced_changes,5,24.333333333333336,23.333333333333336,25.266666666666666
dqn_mean,cycle_safe,low,demanded,5,0.0,0.0,0.0
dqn_mean,cycle_safe,low,departed,5,0.0,0.0,0.0
dqn_mean,cycle_safe,low,unfinished,5,-0.8,-1.5333333333333337,-0.06666666666666668
dqn_mean,cycle_safe,low,pending,5,0.0,0.0,0.0
dqn_mean,cycle_safe,low,max_pending,5,0.0,0.0,0.0
dqn_mean,cycle_safe,low,collisions,5,0.0,0.0,0.0
dqn_mean,cycle_safe,low,teleports,5,0.0,0.0,0.0
dqn_mean,cycle_safe,low,duration,5,0.0,0.0,0.0
rule,dqn_mean,random,avg_waiting_time,30,1.7445762587020217,0.6766593926436889,2.8592573551612044
rule,dqn_mean,random,max_waiting_time,30,16.994444444444447,11.694305555555557,22.255833333333328
rule,dqn_mean,random,avg_queue,30,1.3528518518518515,0.5333856481481476,2.2087740740740736
rule,dqn_mean,random,max_queue,30,2.8666666666666676,0.9108333333333337,4.733333333333333
rule,dqn_mean,random,episode_reward,30,-17.61861791666666,-23.493700747685175,-11.788378063657415
rule,dqn_mean,random,throughput,30,-5.966666666666667,-8.42222222222222,-3.4330555555555606
rule,dqn_mean,random,phase_changes,30,5.58888888888889,4.833333333333334,6.377777777777779
rule,dqn_mean,random,forced_changes,30,-2.344444444444444,-3.0002777777777783,-1.7
rule,dqn_mean,random,demanded,30,0.0,0.0,0.0
rule,dqn_mean,random,departed,30,-0.13333333333333333,-0.4,0.0
rule,dqn_mean,random,unfinished,30,5.833333333333333,3.2111111111111112,8.355555555555556
rule,dqn_mean,random,pending,30,0.13333333333333333,0.0,0.4
rule,dqn_mean,random,max_pending,30,0.23333333333333334,-0.03333333333333335,0.7333333333333333
rule,dqn_mean,random,collisions,30,0.0,0.0,0.0
rule,dqn_mean,random,teleports,30,0.0,0.0,0.0
rule,dqn_mean,random,duration,30,0.0,0.0,0.0
rule,cycle_safe,random,avg_waiting_time,30,-1.2693457592509687,-2.773312166917727,0.19750911649941585
rule,cycle_safe,random,max_waiting_time,30,-1.15,-10.4675,8.116666666666667
rule,cycle_safe,random,avg_queue,30,-0.821222222222222,-2.0530291666666662,0.38135138888888886
rule,cycle_safe,random,max_queue,30,-3.033333333333333,-6.866666666666666,0.5333333333333333
rule,cycle_safe,random,episode_reward,30,-1.2236024999999804,-9.36902590277775,6.945816979166695
rule,cycle_safe,random,throughput,30,-5.3,-8.900833333333333,-1.4333333333333333
rule,cycle_safe,random,phase_changes,30,7.533333333333333,6.7,8.4
rule,cycle_safe,random,forced_changes,30,17.166666666666668,16.266666666666666,18.066666666666666
rule,cycle_safe,random,demanded,30,0.0,0.0,0.0
rule,cycle_safe,random,departed,30,0.0,0.0,0.0
rule,cycle_safe,random,unfinished,30,5.3,1.4333333333333333,8.900833333333322
rule,cycle_safe,random,pending,30,0.0,0.0,0.0
rule,cycle_safe,random,max_pending,30,0.0,0.0,0.0
rule,cycle_safe,random,collisions,30,0.0,0.0,0.0
rule,cycle_safe,random,teleports,30,0.0,0.0,0.0
rule,cycle_safe,random,duration,30,0.0,0.0,0.0
dqn_mean,cycle_safe,random,avg_waiting_time,30,-3.013922017952991,-4.218757541126355,-1.731187276027378
dqn_mean,cycle_safe,random,max_waiting_time,30,-18.144444444444446,-26.011805555555558,-10.271666666666677
dqn_mean,cycle_safe,random,avg_queue,30,-2.1740740740740736,-3.210450462962963,-1.042956944444445
dqn_mean,cycle_safe,random,max_queue,30,-5.9,-9.68888888888889,-2.366666666666667
dqn_mean,cycle_safe,random,episode_reward,30,16.395015416666674,9.796675870370382,22.545288597222232
dqn_mean,cycle_safe,random,throughput,30,0.6666666666666666,-2.322777777777778,3.522222222222224
dqn_mean,cycle_safe,random,phase_changes,30,1.944444444444444,1.5444444444444443,2.3333333333333326
dqn_mean,cycle_safe,random,forced_changes,30,19.51111111111111,18.78888888888889,20.21111111111111
dqn_mean,cycle_safe,random,demanded,30,0.0,0.0,0.0
dqn_mean,cycle_safe,random,departed,30,0.13333333333333333,0.0,0.4
dqn_mean,cycle_safe,random,unfinished,30,-0.5333333333333335,-3.466944444444445,2.4888888888888885
dqn_mean,cycle_safe,random,pending,30,-0.13333333333333333,-0.4,0.0
dqn_mean,cycle_safe,random,max_pending,30,-0.23333333333333334,-0.7333333333333333,0.03333333333333335
dqn_mean,cycle_safe,random,collisions,30,0.0,0.0,0.0
dqn_mean,cycle_safe,random,teleports,30,0.0,0.0,0.0
dqn_mean,cycle_safe,random,duration,30,0.0,0.0,0.0
