policy_id,scenario,episodes,avg_waiting_time,avg_waiting_time_std,max_waiting_time,max_waiting_time_std,avg_queue,avg_queue_std,max_queue,max_queue_std,episode_reward,episode_reward_std,throughput,throughput_std,phase_changes,phase_changes_std,forced_changes,forced_changes_std,demanded,demanded_std,departed,departed_std,unfinished,unfinished_std,pending,pending_std,max_pending,max_pending_std,collisions,collisions_std,teleports,teleports_std,duration,duration_std
cycle_safe,all,60,23.811516343892997,7.999646705943211,95.11666666666666,34.20790951587553,20.032500000000002,13.66687721520328,46.61666666666667,27.59334952217848,-146.725354375,59.24923146624999,185.26666666666668,58.30134070228245,40.0,0.0,0.0,0.0,229.06666666666666,91.103194732103,227.76666666666668,91.27930069004296,42.5,40.485820911959465,1.3,4.089258355534055,3.566666666666667,5.3626665093398715,0.0,0.0,0.0,0.0,300.0,0.0
dqn_seed_22,all,60,19.4958417864529,9.38469419518311,65.90833333333333,24.886095032943608,17.35794444444445,15.70499511912616,40.5,34.533452217145886,-121.64312673611111,62.77291957984659,187.1,53.814401701667876,41.333333333333336,2.6532146582210174,20.25,2.879648048174626,229.06666666666666,91.103194732103,228.85,90.54633143089355,41.75,47.32313190776073,0.21666666666666667,1.6782927833565473,2.3833333333333333,2.737632694201613,0.0,0.0,0.0,0.0,300.0,0.0
dqn_seed_42,all,60,20.101723479477574,9.993501084422713,70.81666666666666,28.54879359656392,18.02127777777778,16.733939266852015,41.15,34.480072849818825,-126.09562868055556,66.07322900056992,186.5,53.46930055363465,40.85,2.4689598441174385,20.266666666666666,3.282551026707407,229.06666666666666,91.103194732103,229.05,91.06329052563349,42.55,50.98102837563487,0.016666666666666666,0.12909944487358058,2.316666666666667,2.1351907521396303,0.0,0.0,0.0,0.0,300.0,0.0
rule,all,60,19.87763855518474,9.60562816459293,81.75,35.71004938555314,17.84716666666667,14.891369833177691,40.5,28.296553063124797,-136.52018534722222,71.06674967917829,183.51666666666668,53.323283834269404,47.06666666666667,3.4585519977158006,16.283333333333335,3.641063667771872,229.06666666666666,91.103194732103,228.65,91.17367018823592,45.13333333333333,47.278642709971855,0.4166666666666667,1.6394673242686582,2.8333333333333335,3.3149208987503385,0.0,0.0,0.0,0.0,300.0,0.0
dqn_seed_62,all,60,18.924770745525752,9.954188404682158,69.025,28.08875536520089,17.039083333333334,16.550283747731164,39.46666666666667,34.567284752222626,-121.25356111111114,66.00026294766947,188.81666666666666,53.82220941199553,41.78333333333333,2.3870531202447203,19.033333333333335,3.1728010758108787,229.06666666666666,91.103194732103,228.78333333333333,90.3890070687252,39.96666666666667,51.26632577230487,0.2833333333333333,1.6681631699512853,2.5833333333333335,3.274408559179715,0.0,0.0,0.0,0.0,300.0,0.0
dqn_mean,all,60,19.507445337152078,9.661421223791965,68.58333333333333,26.269616470919217,17.472768518518517,16.27284401537514,40.37222222222223,34.20152371946618,-122.99743884259259,64.62965058006824,187.4722222222222,53.46481996848393,41.32222222222222,2.2246408683414027,19.85,2.7346042243172017,229.06666666666666,91.103194732103,228.89444444444447,90.66304187807906,41.422222222222224,49.6366787209894,0.17222222222222222,1.1021151837340781,2.4277777777777776,2.6161109321453946,0.0,0.0,0.0,0.0,300.0,0.0
cycle_safe,uniform,5,13.146515430253903,2.2050747385933436,67.6,18.83945328293791,7.054333333333334,1.3499200593615412,17.6,2.5099800796022267,-83.53471833333336,14.000340669602245,152.8,16.813684902483455,40.0,0.0,0.0,0.0,161.0,17.421251390184345,161.0,17.421251390184345,8.2,2.7748873851023212,0.0,0.0,1.4,0.5477225575051661,0.0,0.0,0.0,0.0,300.0,0.0
dqn_seed_22,uniform,5,9.269170908773956,0.6994898839797523,38.6,2.247220505424423,4.960333333333333,0.47293028614749927,13.4,1.51657508881031,-61.34686083333331,2.0689633003825403,154.8,16.634301909007185,42.0,1.224744871391589,15.4,2.073644135332772,161.0,17.421251390184345,161.0,17.421251390184345,6.2,1.7888543819998317,0.0,0.0,1.4,0.5477225575051661,0.0,0.0,0.0,0.0,300.0,0.0
dqn_seed_42,uniform,5,9.773148085169577,1.1510300292296518,40.5,7.5249584716462055,5.263333333333334,1.0281239657205203,14.6,2.6076809620810595,-63.58339583333335,7.529645431413332,154.8,14.429137188342207,41.8,1.3038404810405297,15.6,0.8944271909999159,161.0,17.421251390184345,161.0,17.421251390184345,6.2,3.1144823004794877,0.0,0.0,1.4,0.5477225575051661,0.0,0.0,0.0,0.0,300.0,0.0
rule,uniform,5,11.257456569345816,2.5109558882304865,46.4,12.048858867129285,6.151666666666666,1.905903110513928,17.8,5.449770637375485,-73.61867749999999,14.711733462629642,149.2,15.401298646542765,52.4,1.140175425099138,10.6,2.701851217221259,161.0,17.421251390184345,161.0,17.421251390184345,11.8,6.1400325732035,0.0,0.0,1.4,0.5477225575051661,0.0,0.0,0.0,0.0,300.0,0.0
dqn_seed_62,uniform,5,9.07150300816752,1.760914896032511,41.2,5.191338940966964,4.938333333333333,1.4835135658294467,15.2,4.207136793592526,-61.68394583333331,10.757127252337693,156.2,15.770225109363532,43.2,1.7888543819998317,14.0,2.345207879911715,161.0,17.421251390184345,161.0,17.421251390184345,4.8,1.7888543819998317,0.0,0.0,1.4,0.5477225575051661,0.0,0.0,0.0,0.0,300.0,0.0
dqn_mean,uniform,5,9.371274000703684,0.7726269641870718,40.099999999999994,4.006245124802026,5.054,0.9113888804226356,14.4,2.290075204975689,-62.20473416666666,6.135487977066295,155.26666666666668,15.596295856530944,42.33333333333333,0.8498365855987979,15.0,1.4719601443879748,161.0,17.421251390184345,161.0,17.421251390184345,5.7333333333333325,2.019350830781461,0.0,0.0,1.4,0.5477225575051661,0.0,0.0,0.0,0.0,300.0,0.0
cycle_safe,north_south_congested,5,27.106630484684644,4.6560121078075785,109.6,24.602845363900492,20.171333333333333,4.7294293465961035,54.8,15.023315213360865,-158.75625833333334,24.401955538862904,183.8,6.180614856144977,40.0,0.0,0.0,0.0,221.2,16.437761404765553,221.2,16.437761404765553,37.4,16.349311912126456,0.0,0.0,1.8,0.44721359549995804,0.0,0.0,0.0,0.0,300.0,0.0
dqn_seed_22,north_south_congested,5,13.819697403679944,3.1753405789849856,51.9,8.104011352410607,10.305666666666665,3.020458620437926,28.8,8.228000972289685,-93.2046116666667,18.399361818528607,199.2,10.709808588392232,42.2,0.8366600265340756,20.2,1.3038404810405297,221.2,16.437761404765553,221.2,16.437761404765553,22.0,8.717797887081348,0.0,0.0,1.8,0.44721359549995804,0.0,0.0,0.0,0.0,300.0,0.0
dqn_seed_42,north_south_congested,5,14.644118046062246,2.7655792449405703,61.0,7.097534783289195,10.898333333333332,2.846363908568263,28.0,6.782329983125268,-102.21135749999999,16.286339066209027,197.4,10.644247272588139,42.2,0.8366600265340756,19.8,2.6832815729997477,221.2,16.437761404765553,221.2,16.437761404765553,23.8,10.73312629199899,0.0,0.0,1.8,0.44721359549995804,0.0,0.0,0.0,0.0,300.0,0.0
rule,north_south_congested,5,15.423877236669004,2.3378548839006847,80.4,23.55419283269966,11.431000000000001,2.4208448364614825,29.4,6.54217089351845,-112.08193999999996,21.352032223977492,194.8,11.691877522451218,48.4,1.1401754250991378,14.8,2.3874672772626644,221.2,16.437761404765553,221.2,16.437761404765553,26.4,6.6932802122726045,0.0,0.0,1.8,0.44721359549995804,0.0,0.0,0.0,0.0,300.0,0.0
dqn_seed_62,north_south_congested,5,12.558631264306616,2.4726032476293858,58.2,12.740682870238942,9.328999999999999,2.3504469433138317,26.4,7.924645102463581,-91.11515833333333,13.856299036488556,202.8,7.726577508832743,43.2,1.4832396974191324,19.2,2.588435821108957,221.2,16.437761404765553,221.2,16.437761404765553,18.4,10.039920318408907,0.0,0.0,1.8,0.44721359549995804,0.0,0.0,0.0,0.0,300.0,0.0
dqn_mean,north_south_congested,5,13.674148904682934,2.505812554996709,57.033333333333324,8.795042795676311,10.177666666666667,2.58589593328459,27.73333333333333,7.529202407220096,-95.51037583333333,15.168848212371415,199.8,8.630050856036581,42.53333333333333,0.5577733510227176,19.73333333333333,1.7857460314638498,221.2,16.437761404765553,221.2,16.437761404765553,21.4,8.712698268109088,0.0,0.0,1.8,0.44721359549995804,0.0,0.0,0.0,0.0,300.0,0.0
cycle_safe,east_west_congested,5,25.27959514369386,3.142856321024516,97.2,17.38749550682904,19.157333333333334,3.1284218154775028,56.2,7.362064927722384,-146.61286583333333,12.820407691875031,180.0,10.793516572461451,40.0,0.0,0.0,0.0,226.4,10.620734437881405,226.4,10.620734437881405,46.4,9.071934744033381,0.0,0.0,1.6,0.5477225575051661,0.0,0.0,0.0,0.0,300.0,0.0
dqn_seed_22,east_west_congested,5,16.087078442257308,3.150562162534463,61.5,7.167635593415725,12.184000000000001,2.743851358542911,29.0,2.7386127875258306,-108.42298499999997,17.70129364223022,204.4,14.842506526863984,43.2,1.4832396974191324,20.6,2.073644135332772,226.4,10.620734437881405,226.4,10.620734437881405,22.0,4.847679857416329,0.0,0.0,1.6,0.5477225575051661,0.0,0.0,0.0,0.0,300.0,0.0
dqn_seed_42,east_west_congested,5,15.339822876264728,2.8384683391953143,59.0,8.208227579691002,11.632666666666665,2.5951663402050613,30.2,4.324349662087931,-102.43105500000001,17.794763617220017,205.8,12.891857895586655,42.8,0.4472135954999579,18.8,1.3038404810405297,226.4,10.620734437881405,226.4,10.620734437881405,20.6,6.18869937870632,0.0,0.0,1.6,0.5477225575051661,0.0,0.0,0.0,0.0,300.0,0.0
rule,east_west_congested,5,15.732396724872,2.7491075531177223,72.5,12.449899597988733,11.937333333333333,2.53841940103592,31.8,4.969909455915671,-112.59676000000005,18.10279672260849,202.4,9.396807968666808,47.4,1.5165750888103102,15.0,3.1622776601683795,226.4,10.620734437881405,226.4,10.620734437881405,24.0,5.70087712549569,0.0,0.0,1.6,0.5477225575051661,0.0,0.0,0.0,0.0,300.0,0.0
dqn_seed_62,east_west_congested,5,14.851916881227604,1.5180593757842011,63.4,14.859340496805368,11.217333333333332,1.3636193668974408,27.8,2.3874672772626644,-102.3844925,10.26024852101751,204.4,16.318700928689147,43.0,2.449489742783178,17.8,1.0954451150103321,226.4,10.620734437881405,226.4,10.620734437881405,22.0,8.336666000266533,0.0,0.0,1.6,0.5477225575051661,0.0,0.0,0.0,0.0,300.0,0.0
dqn_mean,east_west_congested,5,15.42627273324988,2.087179162818407,61.3,8.88928818547607,11.678,1.9876528049031876,29.0,2.808716591058787,-104.41284416666664,13.18184268267155,204.8666666666667,14.332558118571235,43.0,1.2018504251546618,19.06666666666667,0.36514837167011094,226.4,10.620734437881405,226.4,10.620734437881405,21.533333333333335,5.620399353149996,0.0,0.0,1.6,0.5477225575051661,0.0,0.0,0.0,0.0,300.0,0.0
cycle_safe,left_turn_congested,5,31.11465747929837,1.730593758918487,167.7,5.953990258641678,20.514333333333333,1.1402659290222117,41.2,2.16794833886788,-185.68803999999994,7.028246672057498,161.0,11.640446726822816,40.0,0.0,0.0,0.0,212.2,9.148770409186143,198.0,10.747092630102339,37.0,2.449489742783178,14.2,3.7013511046643495,19.4,4.159326868617084,0.0,0.0,0.0,0.0,300.0,0.0
dqn_seed_22,left_turn_congested,5,21.577105142138244,1.2974264233056572,68.8,7.33655232380987,15.258333333333331,1.0692085598443575,30.6,2.60768096208106,-125.2139825,6.203417521366451,172.6,8.473488065725945,40.6,2.073644135332772,18.8,1.6431676725154982,212.2,9.148770409186143,212.2,9.148770409186143,39.6,1.140175425099138,0.0,0.0,5.8,2.588435821108957,0.0,0.0,0.0,0.0,300.0,0.0
dqn_seed_42,left_turn_congested,5,22.023667696231243,2.7538340389212403,76.1,12.910267231935984,15.630666666666666,2.5157853313296292,34.4,7.6681158050723255,-131.58049083333333,14.114290033004979,168.2,6.058052492344383,41.8,2.3874672772626644,20.4,1.6733200530681511,212.2,9.148770409186143,212.2,9.148770409186143,44.0,6.082762530298219,0.0,0.0,4.0,2.345207879911715,0.0,0.0,0.0,0.0,300.0,0.0
rule,left_turn_congested,5,21.657172462328468,2.8012600202034537,87.0,17.524982168321884,15.050333333333333,2.3617376488979938,32.4,6.308724118235001,-136.6369658333333,21.199531109376935,165.2,9.066421565314508,48.4,1.51657508881031,14.8,3.1144823004794873,212.2,9.148770409186143,208.0,10.41633332799983,42.8,3.7013511046643495,4.2,4.024922359499621,11.6,4.277849927241488,0.0,0.0,0.0,0.0,300.0,0.0
dqn_seed_62,left_turn_congested,5,20.10307047028016,3.7506267069749697,66.5,11.241663577958558,14.282666666666666,3.1254105508094625,29.0,5.244044240850758,-121.2362266666667,18.812229579899522,173.0,9.055385138137417,42.2,0.4472135954999579,19.2,1.3038404810405297,212.2,9.148770409186143,212.2,9.148770409186143,39.2,2.949576240750525,0.0,0.0,5.2,3.2710854467592254,0.0,0.0,0.0,0.0,300.0,0.0
dqn_mean,left_turn_congested,5,21.23461443621655,2.282460005458472,70.46666666666667,8.03672127729268,15.057222222222219,2.1119528658110256,31.333333333333332,4.32691832858239,-126.01023333333335,12.05097097659874,171.26666666666668,7.239551858444777,41.53333333333334,1.3249737942901207,19.466666666666665,0.5577733510227167,212.2,9.148770409186143,212.2,9.148770409186143,40.93333333333333,2.1395742047841604,0.0,0.0,5.000000000000001,2.6562295750848715,0.0,0.0,0.0,0.0,300.0,0.0
cycle_safe,heavy,5,39.19649808959634,1.2280334472163719,118.4,14.50603322759189,57.77466666666667,3.0643395608914568,113.4,3.4351128074635335,-282.5237475,13.662258671695316,281.2,3.1144823004794873,40.0,0.0,0.0,0.0,442.6,13.538833036861043,442.0,12.30853362509117,160.8,14.149204924659195,0.6,1.3416407864998738,4.8,5.718391382198319,0.0,0.0,0.0,0.0,300.0,0.0
dqn_seed_22,heavy,5,43.12249090570991,2.8713720609179054,118.7,18.596370613643945,63.26700000000001,4.730232757956465,140.2,22.297981971469973,-283.52462416666657,16.59929187656408,258.6,9.964938534682489,39.2,0.8366600265340756,24.0,1.224744871391589,442.6,13.538833036861043,440.0,8.455767262643882,181.4,17.372391890583174,2.6,5.813776741499453,5.8,7.949842765740716,0.0,0.0,0.0,0.0,300.0,0.0
dqn_seed_42,heavy,5,45.194423408461965,3.160187517289303,128.6,19.844394674567425,66.73966666666666,6.502193048844712,141.4,13.903237033151667,-292.9190958333333,19.765613668913087,246.0,10.27131929208707,38.6,1.1401754250991378,24.6,2.0736441353327724,442.6,13.538833036861043,442.4,13.520355024924456,196.4,18.283872675120005,0.2,0.44721359549995804,6.4,5.128352561983234,0.0,0.0,0.0,0.0,300.0,0.0
rule,heavy,5,40.587245367136106,2.8527304795991015,146.0,11.510864433221338,59.934333333333335,5.386076004126031,118.2,11.713240371477058,-310.3217758333333,12.596529058406608,256.6,11.588787684654509,42.8,1.0954451150103321,22.6,1.1401754250991378,442.6,13.538833036861043,442.6,13.538833036861043,186.0,22.22611077089287,0.0,0.0,3.8,3.492849839314596,0.0,0.0,0.0,0.0,300.0,0.0
dqn_seed_62,heavy,5,44.952163030552846,3.087110196489338,135.5,17.667059744054754,65.87333333333332,5.741388841851188,142.6,11.674759098157015,-295.1615875,18.728965231192646,243.2,10.73312629199899,40.4,1.51657508881031,22.0,1.5811388300841898,442.6,13.538833036861043,439.2,8.555699854482974,196.0,18.81488772222678,3.4,5.272570530585627,8.6,8.848728722251575,0.0,0.0,0.0,0.0,300.0,0.0
dqn_mean,heavy,5,44.42302578157491,2.2027538694027484,127.59999999999998,15.319105718024137,65.29333333333334,4.781032983455443,141.40000000000003,9.379054678733176,-290.53510249999994,18.040086432558954,249.26666666666665,7.536577472566707,39.4,0.7601169500660915,23.533333333333335,1.1690451944500118,442.6,13.538833036861043,440.5333333333334,10.079131355870357,191.26666666666668,16.92860826464413,2.066666666666667,3.6086316273931622,6.933333333333333,6.933814085896576,0.0,0.0,0.0,0.0,300.0,0.0
cycle_safe,low,5,10.673330320775959,0.6901265310465544,39.7,2.16794833886788,1.4376666666666664,0.34863344328646645,5.0,0.7071067811865476,-40.63905083333333,3.9028355431337833,38.8,7.8549347546621915,40.0,0.0,0.0,0.0,40.2,8.497058314499201,40.2,8.497058314499201,1.4,0.8944271909999159,0.0,0.0,0.4,0.5477225575051662,0.0,0.0,0.0,0.0,300.0,0.0
dqn_seed_22,low,5,8.623412632295855,0.8151820569405167,33.1,6.868405928597989,1.1606666666666665,0.30013561749464,4.8,1.3038404810405297,-32.17864083333334,3.5343782494967333,40.0,8.396427811873332,35.0,0.7071067811865476,24.2,1.6431676725154984,40.2,8.497058314499201,40.2,8.497058314499201,0.2,0.447213595499958,0.0,0.0,0.4,0.5477225575051662,0.0,0.0,0.0,0.0,300.0,0.0
dqn_seed_42,low,5,8.917714202454476,1.444486198969947,33.9,5.01746948172084,1.1703333333333332,0.14982582480259457,4.8,1.0954451150103321,-32.57925416666667,3.0390326223395636,39.4,7.6681158050723255,35.2,1.3038404810405297,25.4,1.8165902124584952,40.2,8.497058314499201,40.2,8.497058314499201,0.8,1.30384048104053,0.0,0.0,0.4,0.5477225575051662,0.0,0.0,0.0,0.0,300.0,0.0
rule,low,5,2.2686196789585207,0.4137316122610656,14.4,2.5592967784139455,0.3083333333333333,0.09958246164193102,3.4,0.8944271909999159,-22.694918333333334,1.7881628884476748,40.2,8.497058314499201,40.2,2.16794833886788,14.6,2.701851217221259,40.2,8.497058314499201,40.2,8.497058314499201,0.0,0.0,0.0,0.0,0.4,0.5477225575051662,0.0,0.0,0.0,0.0,300.0,0.0
dqn_seed_62,low,5,8.926586521355857,1.2191387309929251,35.5,9.905806378079475,1.2003333333333333,0.30159851900608975,4.8,0.8366600265340756,-33.391595833333334,5.294971826812314,39.4,7.469939758793239,36.0,1.224744871391589,23.4,2.6076809620810595,40.2,8.497058314499201,40.2,8.497058314499201,0.8,1.3038404810405297,0.0,0.0,0.4,0.5477225575051662,0.0,0.0,0.0,0.0,300.0,0.0
dqn_mean,low,5,8.822571118702061,0.702175916221869,34.16666666666667,3.5138614403846704,1.177111111111111,0.2333083319939041,4.8,0.9006170724070864,-32.716496944444444,3.238075426365628,39.6,7.818780808625685,35.4,0.8628119403696525,24.333333333333336,1.2018504251546627,40.2,8.497058314499201,40.2,8.497058314499201,0.6000000000000001,0.7958224257542215,0.0,0.0,0.4,0.5477225575051662,0.0,0.0,0.0,0.0,300.0,0.0
cycle_safe,random,30,23.203494863068805,4.7415314754109295,90.2,21.17195607727191,19.046722222222225,6.196425747688386,45.2,16.123232327596572,-143.82492861111115,29.52493745488031,204.26666666666668,29.64960118744791,40.0,0.0,0.0,0.0,240.86666666666667,41.580609981538046,240.73333333333332,41.56667542331388,36.46666666666667,17.317986132289196,0.13333333333333333,0.7302967433402214,2.2333333333333334,1.5465943304527225,0.0,0.0,0.0,0.0,300.0,0.0
dqn_seed_22,random,30,20.241857667096596,5.599576658679922,69.71666666666667,18.25427835223621,16.859888888888893,6.847488016259867,39.86666666666667,14.896732651093693,-125.97096930555557,34.132721797687175,202.6,24.90893760106587,42.3,1.8411016192523961,19.966666666666665,2.2047493146001624,240.86666666666667,41.580609981538046,240.86666666666667,41.580609981538046,38.266666666666666,21.77935329354519,0.0,0.0,1.9666666666666666,0.490132517853561,0.0,0.0,0.0,0.0,300.0,0.0
dqn_seed_42,random,30,20.887964573181105,6.267703948344621,75.11666666666666,22.79469211254557,17.486722222222223,7.5827794225306,40.06666666666667,15.24044829943713,-131.30714916666668,38.77003876556876,204.4,27.077920767729715,41.3,1.7250687142735845,19.766666666666666,2.6350859873862826,240.86666666666667,41.580609981538046,240.86666666666667,41.580609981538046,36.46666666666667,20.545547941826353,0.0,0.0,2.033333333333333,0.6149478998583782,0.0,0.0,0.0,0.0,300.0,0.0
rule,random,30,21.934149103817838,5.5946700424436075,89.05,25.11399870658758,18.225499999999997,6.895244531934485,42.166666666666664,13.248508916317608,-145.0485311111111,40.64325427054941,198.96666666666667,25.055088729924062,47.53333333333333,2.344962808812251,17.166666666666668,2.5472545509089657,240.86666666666667,41.580609981538046,240.73333333333332,41.56667542331388,41.766666666666666,18.641228561949735,0.13333333333333333,0.7302967433402214,2.2333333333333334,1.5465943304527225,0.0,0.0,0.0,0.0,300.0,0.0
dqn_seed_62,random,30,19.438896295069746,5.950442197367319,71.33333333333333,18.792576181573136,16.27133333333333,7.235967572134416,37.96666666666667,13.404794132963266,-125.0116211111111,36.25409220926792,207.8,27.300877843660682,42.233333333333334,1.478193989726777,18.8,2.759310258642235,240.86666666666667,41.580609981538046,240.86666666666667,41.580609981538046,33.06666666666667,20.306162362323843,0.0,0.0,2.0,0.5252257314388902,0.0,0.0,0.0,0.0,300.0,0.0
dqn_mean,random,30,20.18957284511582,5.721488586025169,72.05555555555556,18.637926013351986,16.872648148148148,7.098531035542891,39.300000000000004,14.000643116044175,-127.42991319444442,35.736643737290436,204.9333333333333,25.953893690564993,41.94444444444445,1.1382696195068234,19.51111111111111,1.9782986097976862,240.86666666666667,41.580609981538046,240.86666666666667,41.580609981538046,35.93333333333333,20.253451529321485,0.0,0.0,2.0,0.510427662325851,0.0,0.0,0.0,0.0,300.0,0.0
