candidate,episodes,avg_waiting_time,avg_waiting_time_std,max_waiting_time,max_waiting_time_std,avg_queue,avg_queue_std,max_queue,max_queue_std,episode_reward,episode_reward_std,throughput,throughput_std,phase_changes,phase_changes_std,forced_changes,forced_changes_std,demanded,demanded_std,departed,departed_std,unfinished,unfinished_std,pending,pending_std,max_pending,max_pending_std,collisions,collisions_std,teleports,teleports_std,duration,duration_std
balanced_h8_a0.75_m0.25,20,17.197760696199133,10.683181083673308,70.0,36.13570912109254,15.465,16.588513208477615,36.2,32.12573980307281,-119.50488875,78.65318955726933,173.85,57.44954307912292,47.0,3.4641016151377544,15.55,3.8316548575476395,212.8,100.76005892060708,212.8,100.76005892060708,38.95,52.44493352681057,0.0,0.0,1.95,0.8255779474818965,0.0,0.0,0.0,0.0,300.0,0.0
demand_h8_a0.75_m0.25,20,16.223581369568137,10.58014319127226,80.875,45.0128271192019,14.711083333333335,16.584620908094482,35.55,33.500157108822485,-121.22294249999997,81.39692791899658,176.6,59.088158934898196,44.35,2.978431236671236,19.2,2.876401260347088,212.8,100.76005892060708,212.8,100.76005892060708,36.2,51.82521231581158,0.0,0.0,1.95,0.8870412083230169,0.0,0.0,0.0,0.0,300.0,0.0
demand_h0_a0.75_m0.25,20,17.91450448048001,11.998980061745309,75.95,37.4938240528392,16.33891666666667,18.56044380798625,38.95,38.031116069262076,-122.62217604166662,79.21369337436697,170.2,54.243699609894065,46.05,3.3791154245795716,17.45,2.6452539426400317,212.8,100.76005892060708,212.8,100.76005892060708,42.6,55.477259447358016,0.0,0.0,1.95,0.8255779474818965,0.0,0.0,0.0,0.0,300.0,0.0
delay_h8_a0.75_m0.25,20,19.163279752145925,10.679633278462633,63.0,32.15218745116321,16.749999999999996,16.178732547455787,39.35,32.60170321672748,-123.52139812500002,74.31999287302915,168.9,56.24935087344751,48.8,3.8196169551684793,13.4,3.5451968989932814,212.8,100.76005892060708,212.8,100.76005892060708,43.9,52.26843668682095,0.0,0.0,2.05,1.050062654772261,0.0,0.0,0.0,0.0,300.0,0.0
delay_h8_a0.75_m0.1,20,19.390266596252058,10.666124372977116,69.15,39.28475665271656,16.867250000000002,16.17359500911921,39.8,32.771296811948744,-126.74281041666669,76.22770922270777,167.05,55.07743352962741,51.15,4.05585995813465,12.95,3.648720035126954,212.8,100.76005892060708,212.8,100.76005892060708,45.75,54.31184323689884,0.0,0.0,2.1,1.2096106376585989,0.0,0.0,0.0,0.0,300.0,0.0
balanced_h0_a0.75_m0.25,20,20.18059919018047,12.966191458499875,70.95,35.4890272145008,18.284416666666665,19.59289545778241,43.2,38.90284795419698,-128.81634020833337,82.04951391584346,162.25,49.363181463622524,49.25,3.767939545833058,14.85,3.216323497738569,212.8,100.76005892060708,212.8,100.76005892060708,50.55,59.72170107211756,0.0,0.0,1.95,0.8255779474818965,0.0,0.0,0.0,0.0,300.0,0.0
balanced_h8_a0.75_m0.1,20,19.091368431757623,10.828277037981412,74.275,39.21683144290284,16.7775,16.554168080817387,39.35,31.626562786433343,-129.35883979166664,78.77001551416174,168.35,56.16261633581728,50.0,4.091068577433426,15.4,3.3466401061363023,212.8,100.76005892060708,212.75,100.77273806363557,44.4,53.67583009923652,0.05,0.22360679774997894,2.05,1.050062654772261,0.0,0.0,0.0,0.0,300.0,0.0
delay_h8_a0.75_m0.02,20,20.464927839920563,10.792967837528055,71.0,38.24299041379314,17.731083333333334,16.739100209133213,42.95,36.08976382066775,-131.315280625,76.36439511142613,164.3,52.60088052094706,51.7,4.0535884037934125,13.05,3.3320611607453077,212.8,100.76005892060708,212.8,100.76005892060708,48.5,58.517203948024864,0.0,0.0,2.4,2.062190965683675,0.0,0.0,0.0,0.0,300.0,0.0
demand_h8_a0.75_m0.1,20,18.050859401574876,11.365395074492552,90.675,46.686883935201195,16.166249999999998,17.33274768642038,37.2,32.644174139701526,-131.761880625,82.92725957238477,170.85,56.552048685492515,48.65,4.081730799034826,18.0,3.094987458524033,212.8,100.76005892060708,212.6,100.81583000177783,41.75,52.75152779029747,0.2,0.8944271909999157,2.15,1.2258187382102497,0.0,0.0,0.0,0.0,300.0,0.0
delay_h0_a0.75_m0.25,20,21.12759556175838,11.828210571308167,66.325,34.321343290482645,18.536416666666668,17.68796701923067,45.5,34.14288860224429,-132.02929937500002,78.95390074746369,157.5,49.06118628814432,51.0,4.167543767332454,13.5,3.3007176253210853,212.8,100.76005892060708,212.8,100.76005892060708,55.3,57.84834983772111,0.0,0.0,2.0,1.025978352085154,0.0,0.0,0.0,0.0,300.0,0.0
demand_h0_a0.75_m0.1,20,19.98713343902926,12.429038632173107,79.975,37.33612438658472,17.895999999999997,18.75242082929733,43.35,38.07924562499133,-133.63667166666667,81.50976457104855,162.3,51.17986857513823,50.3,4.15616219733137,17.1,2.653696528082647,212.8,100.76005892060708,212.8,100.76005892060708,50.5,57.14109959703168,0.0,0.0,1.85,0.7451598203705947,0.0,0.0,0.0,0.0,300.0,0.0
balanced_h8_a0.75_m0.02,20,19.706301005672547,10.50535140184643,79.7,41.07099117125704,17.117583333333336,16.63050132761772,40.45,31.4165142627417,-134.6347985416667,78.47364136457686,167.3,55.57271197079979,51.3,4.0923548747698595,15.15,3.587624929055286,212.8,100.76005892060708,212.55,100.82839773334537,45.25,54.03787657988754,0.25,1.118033988749895,2.2,1.7651599003161755,0.0,0.0,0.0,0.0,300.0,0.0
delay_h8_a0.25_m0.25,20,22.171743486836828,11.70512858513591,71.275,36.581371085927266,19.256666666666668,17.87449225549674,45.1,35.280679072113585,-134.74307687499999,77.93708194778884,158.85,49.31880713117568,50.8,4.262443084972699,13.05,3.9533463506782525,212.8,100.76005892060708,212.8,100.76005892060708,53.95,61.30808738614644,0.0,0.0,2.3,1.9761738683361685,0.0,0.0,0.0,0.0,300.0,0.0
delay_h0_a0.75_m0.1,20,21.654969294166357,11.618464622046703,68.125,33.426618372032095,18.877583333333337,17.688347103059236,44.95,34.54436506718189,-134.94538458333338,77.76347142667197,155.75,48.52332591542687,52.85,4.2460507967311285,13.55,2.946451925175163,212.8,100.76005892060708,212.8,100.76005892060708,57.05,58.315363146836084,0.0,0.0,2.0,1.025978352085154,0.0,0.0,0.0,0.0,300.0,0.0
balanced_h8_a0.25_m0.25,20,21.84522632410094,11.726902704310314,76.95,36.79741838770758,18.994333333333334,17.82341167189186,46.55,34.49710132750287,-136.60122541666667,79.99147824635214,156.85,48.61586810475513,49.9,4.517801048717116,15.25,3.290736599672033,212.8,100.76005892060708,212.8,100.76005892060708,55.95,59.720819784975106,0.0,0.0,2.0,0.9733285267845752,0.0,0.0,0.0,0.0,300.0,0.0
balanced_h0_a0.75_m0.1,20,21.77723989232471,12.58095153824316,74.4,36.26314643648127,19.275333333333332,18.928917044243082,46.0,37.02772787491757,-137.088390625,80.15385353142963,156.85,47.88832953093225,51.9,4.07689252146521,14.9,2.971797258792803,212.8,100.76005892060708,212.8,100.76005892060708,55.95,60.3903747994749,0.0,0.0,2.0,1.025978352085154,0.0,0.0,0.0,0.0,300.0,0.0
balanced_h0_a0.25_m0.25,20,22.461568338272983,12.115644994538357,73.2,32.52262370460875,19.610083333333332,18.534787850558327,46.95,34.574823514410475,-137.32762937500001,80.63389383979369,152.25,46.23609321503574,51.15,4.591468060148999,14.6,2.9451119181664924,212.8,100.76005892060708,212.8,100.76005892060708,60.55,61.2711617578604,0.0,0.0,2.35,2.3902213066443956,0.0,0.0,0.0,0.0,300.0,0.0
demand_h8_a0.75_m0.02,20,19.31212804213388,11.267710288947356,91.725,46.36510569723517,16.974916666666665,16.88084710461232,40.15,33.1444605199405,-138.5462947916667,80.32951315415902,166.9,54.87200417430789,50.8,4.262443084972699,17.65,3.328900561351814,212.8,100.76005892060708,212.4,100.87010928599423,45.5,54.065749446002265,0.4,1.2732056517228265,2.5,2.090076805438398,0.0,0.0,0.0,0.0,300.0,0.0
demand_h0_a0.25_m0.25,20,21.889886715923037,12.560531613117432,79.975,34.54267955046794,19.298499999999997,18.7972337293867,47.85,38.51489800610996,-139.1650502083333,83.15867360101166,153.3,45.211898759880505,49.5,4.1738534511382825,17.3,2.6377821625073787,212.8,100.76005892060708,212.8,100.76005892060708,59.5,63.39724383848078,0.0,0.0,1.95,0.8870412083230169,0.0,0.0,0.0,0.0,300.0,0.0
delay_h0_a0.25_m0.25,20,22.576288799777963,11.48479738996118,68.375,33.08874629808369,19.489250000000002,17.535766011571127,45.4,34.0253775260389,-139.3440389583333,79.92094059429297,146.8,42.57204420001958,52.8,4.6180424196269225,13.05,3.170173496829471,212.8,100.76005892060708,212.8,100.76005892060708,66.0,64.62767860681106,0.0,0.0,2.15,1.3088765773505315,0.0,0.0,0.0,0.0,300.0,0.0
demand_h0_a0.75_m0.02,20,21.181407108989767,13.29153011355414,83.275,38.781600018565506,19.0845,20.17946540436213,44.95,39.744546133632234,-139.36276291666667,82.1545368707016,159.9,48.97464435270239,51.8,4.020997519600277,16.65,2.758241239783443,212.8,100.76005892060708,212.8,100.76005892060708,52.9,59.77492873490656,0.0,0.0,1.9,0.7880689256524124,0.0,0.0,0.0,0.0,300.0,0.0
delay_h8_a0.25_m0.1,20,23.315339928035918,11.852378868219272,72.6,38.7908019482644,20.09775,18.126016093922416,49.45,38.21748704179114,-139.48772354166664,78.32624080327045,154.3,46.31028077288193,52.4,3.6906710272766046,13.3,3.599707590463718,212.8,100.76005892060708,212.8,100.76005892060708,58.5,63.59948692278976,0.0,0.0,2.2,1.2396943596157717,0.0,0.0,0.0,0.0,300.0,0.0
balanced_h0_a0.75_m0.02,20,22.41683857122061,12.264292021077557,73.375,34.7225374254699,19.640833333333337,18.929856113699866,47.35,38.02668730468671,-139.74929875000004,79.7086303403655,155.55,48.57276148104756,52.75,4.2410897308667215,14.85,2.412140346794021,212.8,100.76005892060708,212.8,100.76005892060708,57.25,58.05068112388836,0.0,0.0,1.95,0.8255779474818965,0.0,0.0,0.0,0.0,300.0,0.0
demand_h8_a0.25_m0.25,20,20.576562583825137,11.592576005395177,90.775,44.77237018049131,17.947583333333334,16.893062821286083,44.15,35.21404474593086,-140.30024729166664,84.49708674537072,162.35,51.97496867166976,48.45,3.886210439354432,18.75,2.572629210094525,212.8,100.76005892060708,212.7,100.78591171388985,50.35,56.33478405689368,0.1,0.44721359549995787,2.1,1.2096106376585989,0.0,0.0,0.0,0.0,300.0,0.0
delay_h0_a0.75_m0.02,20,22.923284240575704,12.457791010088846,71.275,35.806304575708744,19.994999999999997,18.989986796678185,47.0,33.95972847204077,-140.58176666666665,81.14128366359355,150.0,45.19664635905261,54.1,4.089781875537335,12.9,2.5110283068684702,212.8,100.76005892060708,212.65,100.79957967748625,62.65,62.358281432043135,0.15,0.670820393249937,2.15,1.5652475842498526,0.0,0.0,0.0,0.0,300.0,0.0
delay_h8_a0.25_m0.02,20,23.486481653623677,12.329894984599534,72.975,36.65287918611005,20.315583333333333,18.65191273350862,48.3,36.756811040877,-140.98347541666666,81.21696823226671,154.7,48.86727459472023,53.05,4.122786487444218,13.4,3.560011827301465,212.8,100.76005892060708,212.65,100.79905753527659,57.95,58.11012684640487,0.15,0.4893604849295929,2.25,1.51744244666721,0.0,0.0,0.0,0.0,300.0,0.0
balanced_h0_a0.25_m0.1,20,23.073477084510735,12.207025440379933,71.9,36.96392266720847,20.048916666666663,18.49200595638385,47.9,37.905561319513104,-142.72996625000002,81.94990245320976,147.0,42.77111666829184,53.1,4.339536720361797,13.9,3.4473483326051912,212.8,100.76005892060708,212.75,100.77326034221578,65.75,64.98248751941192,0.05,0.22360679774997894,2.55,2.211810403980842,0.0,0.0,0.0,0.0,300.0,0.0
delay_h0_a0.25_m0.1,20,23.395674493138237,11.33305650431493,67.65,32.01319629218715,19.882666666666665,16.568455006021225,49.35,31.77598397996098,-143.09719541666666,79.84557762504022,145.1,42.22483679193164,54.0,3.75569742629711,12.2,3.286335345030997,212.8,100.76005892060708,212.7,100.78591171388985,67.6,64.97805297499343,0.1,0.30779350562554625,2.4,1.729009451741235,0.0,0.0,0.0,0.0,300.0,0.0
balanced_h8_a0.25_m0.1,20,23.02596956039801,11.951485779525356,79.0,40.0772280793759,19.826083333333333,17.758391207188335,47.05,33.720952412097546,-143.11799791666664,80.63205469951892,154.6,48.66794038227457,52.25,4.302691935839335,15.0,3.35606285619576,212.8,100.76005892060708,212.6,100.81374175337304,58.0,58.44745728565012,0.2,0.8944271909999157,2.35,1.7252002172135512,0.0,0.0,0.0,0.0,300.0,0.0
delay_h0_a0.25_m0.02,20,23.565941883490872,12.174020826844169,69.3,33.931587519285735,20.307750000000002,18.1759575974234,47.85,35.04474583338158,-143.90172354166668,82.8965629409799,144.7,40.84515045619827,54.8,4.007886961322243,12.65,3.34467369189629,212.8,100.76005892060708,212.65,100.79957967748625,67.95,67.15612210991718,0.15,0.670820393249937,2.5,1.9601288894248496,0.0,0.0,0.0,0.0,300.0,0.0
demand_h0_a0.25_m0.1,20,23.62694865402438,13.656240113920678,81.625,37.80276897404823,20.94808333333333,20.85569384772137,53.0,46.484858881824714,-145.66938749999997,83.66017410867295,149.15,44.67340548799405,52.05,4.806519695054559,16.75,2.4894514297436356,212.8,100.76005892060708,212.8,100.76005892060708,63.65,61.63669020110804,0.0,0.0,2.05,0.998683343734455,0.0,0.0,0.0,0.0,300.0,0.0
balanced_h0_a0.25_m0.02,20,24.023045779972236,12.264464684075842,72.75,33.84193132475559,20.694499999999998,18.619237756930943,48.55,33.52685490767066,-145.91402812500002,81.3322343613038,145.2,43.324479527350235,54.1,4.024922359499621,14.35,2.739093203771527,212.8,100.76005892060708,212.65,100.79957967748625,67.45,62.94816163027781,0.15,0.670820393249937,2.6,2.1860803664140653,0.0,0.0,0.0,0.0,300.0,0.0
balanced_h8_a0.25_m0.02,20,24.06071880538391,12.444685678176214,82.125,38.88000263970102,20.806166666666662,19.062440007383305,51.45,42.80614195969644,-147.53508291666668,81.55489909671893,150.15,46.161358868988884,53.6,3.74727971509439,15.65,3.360372786337536,212.8,100.76005892060708,212.6,100.81269761294952,62.45,61.010331308031674,0.2,0.6958523739384592,2.3,1.625455401774498,0.0,0.0,0.0,0.0,300.0,0.0
demand_h0_a0.25_m0.02,20,23.75822763771927,13.24614985064276,84.3,37.66067333159982,20.8615,20.023099714903847,51.65,39.339647872557805,-147.85182312499998,83.86637491447169,147.5,45.030399088896196,53.65,4.331949846626137,16.55,2.282081229238369,212.8,100.76005892060708,212.6,100.81269761294952,65.1,61.18814814720422,0.2,0.6155870112510925,2.4,1.729009451741235,0.0,0.0,0.0,0.0,300.0,0.0
demand_h8_a0.25_m0.1,20,23.028517231065035,12.430184405142077,97.05,49.356623828919595,19.92908333333333,18.12644203156494,47.85,34.61863659938098,-151.01289624999998,86.36081594186037,153.05,46.57927594293862,51.6,4.405737885506748,18.3,3.096687534158157,212.8,100.76005892060708,212.3,100.89864638390975,59.25,60.364572217049364,0.5,1.5727950313140984,2.55,2.0641042405337657,0.0,0.0,0.0,0.0,300.0,0.0
queue_only,20,25.22021874997828,12.467528016796381,80.275,34.348245569231196,21.61,19.091825154219755,51.4,39.54797220165856,-152.99813291666663,83.83605219491093,144.1,42.494457842975486,52.5,4.925764701519637,15.1,2.3373399185263666,212.8,100.76005892060708,212.6,100.40780007444378,68.5,64.1900959732312,0.2,0.6958523739384593,2.55,2.114486375359025,0.0,0.0,0.0,0.0,300.0,0.0
demand_h8_a0.25_m0.02,20,23.47090968925202,12.376144501926525,104.1,50.353905404384314,20.263749999999998,18.346958229615055,48.55,35.15001684509591,-155.04034395833338,86.74626873152916,151.15,46.14539379419199,53.1,4.140938108816966,18.35,2.6212692787233722,212.8,100.76005892060708,212.05,100.9765345331072,60.9,61.431947800198515,0.75,2.3141441523584345,2.85,2.814903943392441,0.0,0.0,0.0,0.0,300.0,0.0
