candidate_id,training_steps,scenario,split,alpha,beta,switch_gamma,episode_count,training_seed_count,evaluation_seed_count,ci_scope,collisions_total,teleports_total,maximum_waiting_worst_episode,avg_waiting_time,avg_waiting_time_std,avg_waiting_time_training_seed_std,avg_waiting_time_ci95_low,avg_waiting_time_ci95_high,max_waiting_time,max_waiting_time_std,max_waiting_time_training_seed_std,max_waiting_time_ci95_low,max_waiting_time_ci95_high,avg_queue,avg_queue_std,avg_queue_training_seed_std,avg_queue_ci95_low,avg_queue_ci95_high,phase_changes,phase_changes_std,phase_changes_training_seed_std,phase_changes_ci95_low,phase_changes_ci95_high,throughput,throughput_std,throughput_training_seed_std,throughput_ci95_low,throughput_ci95_high,unfinished,unfinished_std,unfinished_training_seed_std,unfinished_ci95_low,unfinished_ci95_high,unfinished_worst_episode,pending,pending_std,pending_training_seed_std,pending_ci95_low,pending_ci95_high,pending_worst_episode,max_pending,max_pending_std,max_pending_training_seed_std,max_pending_ci95_low,max_pending_ci95_high,max_pending_worst_episode,forced_changes,forced_changes_std,forced_changes_training_seed_std,forced_changes_ci95_low,forced_changes_ci95_high,forced_changes_worst_episode,max_queue,max_queue_std,max_queue_training_seed_std,max_queue_ci95_low,max_queue_ci95_high,max_queue_worst_episode,safety_passed,throughput_retention,throughput_constraint_passed,max_waiting_constraint_passed,eligible,pareto_nondominated
1,50000,random,validation,0.2,0.4,0.4,20,1,20,conditional_on_one_trained_policy,0,0,111.5,22.19735118977225,7.960204534990345,0.0,18.779481297236128,25.577337950704464,77.75,16.444083882565245,0.0,70.699375,84.675,19.722083333333334,10.684805792210332,0.0,15.18951875,24.26120833333333,44.75,2.0994986870303363,0.0,43.9,45.65,197.9,28.05802258853869,0.0,185.19875,209.3,50.55,32.529298534673245,0.0,36.7,64.25,104.0,0.0,0.0,0.0,0.0,0.0,0.0,1.8,0.6958523739384594,0.0,1.5,2.1,3.0,19.75,1.4823523268955432,0.0,19.1,20.35,22.0,47.6,24.140814969019193,0.0,37.15,57.75,89.0,True,0.9858032378580324,True,True,True,False
2,50000,random,validation,0.2,0.4,0.5,20,1,20,conditional_on_one_trained_policy,0,0,135.0,22.493788787090406,8.386152170205014,0.0,18.954587973554354,25.982966955944946,90.475,27.247150985783914,0.0,78.599375,102.175,20.052833333333332,11.118186093852893,0.0,15.397404166666668,24.800127083333322,41.35,1.7252002172135514,0.0,40.65,42.1,200.15,28.759026043094163,0.0,187.05,211.6,48.3,31.36558623714851,0.0,35.09875,61.351249999999986,104.0,0.0,0.0,0.0,0.0,0.0,0.0,1.85,0.7451598203705946,0.0,1.55,2.2,3.0,20.8,1.7651599003161755,0.0,20.05,21.55,24.0,46.8,24.566986834067848,0.0,36.34875,57.05124999999998,84.0,True,0.9970112079701121,True,False,False,True
3,50000,random,validation,0.2,0.4,0.6,20,1,20,conditional_on_one_trained_policy,0,0,148.0,22.700024160749834,7.634823264660382,0.0,19.454010113575702,25.99273647428899,81.525,27.234109321332976,0.0,70.325,93.7,20.054916666666667,10.582531928146208,0.0,15.514570833333332,24.600302083333325,41.65,1.9540780569443943,0.0,40.8,42.5,199.15,29.76447016512349,0.0,185.85,211.15,49.3,30.69904850231304,0.0,36.3,62.2,98.0,0.0,0.0,0.0,0.0,0.0,0.0,1.8,0.6958523739384594,0.0,1.5,2.1,3.0,20.85,2.058998223459779,0.0,19.95,21.7,25.0,46.1,23.706317168303695,0.0,36.1,56.15,92.0,True,0.9920298879202989,True,True,True,False
4,50000,random,validation,0.2,0.5,0.4,20,1,20,conditional_on_one_trained_policy,0,0,134.5,22.24050767629922,7.207126753510186,0.0,19.101574378634986,25.230181279139686,84.625,22.07157912934999,0.0,75.274375,94.15,19.611333333333334,9.82288012039489,0.0,15.352304166666668,23.760793749999994,44.35,1.755442664221313,0.0,43.6,45.1,199.95,32.29058034392334,0.0,185.7,213.35124999999996,48.5,29.21156944557557,0.0,36.198750000000004,60.751249999999985,98.0,0.0,0.0,0.0,0.0,0.0,0.0,1.8,0.6958523739384594,0.0,1.5,2.1,3.0,19.3,2.226633049436324,0.0,18.35,20.25,23.0,46.15,21.29065769916838,0.0,37.1,55.001249999999985,94.0,True,0.9960149439601493,True,False,False,False
5,50000,random,validation,0.2,0.5,0.5,20,1,20,conditional_on_one_trained_policy,0,0,128.5,22.32274517313475,7.877420676516789,0.0,18.932645780234488,25.65998224871487,80.6,22.93503410666058,0.0,71.02375,90.37562499999999,19.796583333333327,10.647365466018298,0.0,15.286947916666668,24.317893749999993,42.6,1.930366749991743,0.0,41.75,43.4,200.9,30.56812925770548,0.0,187.14875,213.1,47.55,30.1548198120091,0.0,34.8,60.351249999999986,100.0,0.0,0.0,0.0,0.0,0.0,0.0,1.8,0.6958523739384594,0.0,1.5,2.1,3.0,20.65,1.8715318802914818,0.0,19.8,21.45,24.0,45.3,23.14508018655596,0.0,35.5,55.05124999999998,90.0,True,1.000747198007472,True,True,True,False
6,50000,random,validation,0.2,0.5,0.6,20,1,20,conditional_on_one_trained_policy,0,0,117.5,23.140567833360247,8.225882642165924,0.0,19.59138590644716,26.6320478264429,81.375,23.199861047678258,0.0,71.425,91.05062499999998,20.59366666666667,11.053381393669456,0.0,15.815952083333336,25.262914583333327,42.1,1.7740824166460336,0.0,41.35,42.85,197.55,28.98543191256419,0.0,184.64875,209.55124999999998,50.9,32.5865648776657,0.0,37.29875,64.55,110.0,0.0,0.0,0.0,0.0,0.0,0.0,1.8,0.6958523739384594,0.0,1.5,2.1,3.0,21.0,2.0,0.0,20.15,21.85,25.0,47.8,25.188970017178466,0.0,37.198750000000004,58.7,107.0,True,0.9840597758405978,True,True,True,False
7,50000,random,validation,0.2,0.6,0.4,20,1,20,conditional_on_one_trained_policy,0,0,138.0,23.33116631214252,8.747015202393142,0.0,19.580675961262653,27.05722095727094,80.45,27.552772331616556,0.0,68.824375,92.075,20.757333333333328,11.456485859355565,0.0,15.908937500000002,25.699299999999997,43.7,1.750187959830841,0.0,42.95,44.40124999999998,196.85,27.08519696691981,0.0,184.8,207.95124999999996,51.6,34.27351286650562,0.0,37.0475,66.0,111.0,0.0,0.0,0.0,0.0,0.0,0.0,1.8,0.6958523739384594,0.0,1.5,2.1,3.0,19.85,1.3869694338832113,0.0,19.298750000000002,20.45,23.0,49.05,25.6565883608049,0.0,38.24875,59.95124999999999,95.0,True,0.9805728518057285,True,True,True,False
8,50000,random,validation,0.2,0.6,0.5,20,1,20,conditional_on_one_trained_policy,0,0,122.5,24.753474931329254,8.173243773432144,0.0,21.145212367770352,28.195318346287195,85.625,21.18581638241665,0.0,76.474375,94.45,21.828083333333332,10.93662894643447,0.0,17.130008333333336,26.562356249999993,43.1,1.8324559303956274,0.0,42.35,43.9,196.2,28.712000058658766,0.0,183.4,208.1,52.25,32.51376226833962,0.0,38.5475,66.0,119.0,0.0,0.0,0.0,0.0,0.0,0.0,1.8,0.6958523739384594,0.0,1.5,2.1,3.0,20.5,2.164303704731799,0.0,19.55,21.4,24.0,50.8,25.12201802152216,0.0,39.84875,61.251249999999985,96.0,True,0.9773349937733499,True,False,False,False
9,50000,random,validation,0.2,0.6,0.6,20,1,20,conditional_on_one_trained_policy,0,0,112.5,23.152731167806856,8.231270220355151,0.0,19.710803725863492,26.6595125654254,79.7,21.266727162648376,0.0,70.749375,88.75,20.566750000000003,11.191810099210208,0.0,15.856816666666667,25.346237499999994,41.75,1.8027756377319946,0.0,41.0,42.5,198.85,28.359116235951547,0.0,185.99875,210.2,49.6,32.75009039762534,0.0,35.75,63.35,108.0,0.0,0.0,0.0,0.0,0.0,0.0,1.8,0.6958523739384594,0.0,1.5,2.1,3.0,20.05,2.3277502126799554,0.0,19.05,21.05,24.0,49.15,25.054204395564767,0.0,38.54875,59.65,98.0,True,0.9905354919053548,True,True,True,False
10,50000,random,validation,0.3,0.4,0.4,20,1,20,conditional_on_one_trained_policy,0,0,134.5,22.395293477409595,7.79451427251472,0.0,18.999518928932766,25.61161020720776,88.225,29.504002850639203,0.0,75.474375,100.475,19.887083333333333,10.273239236379865,0.0,15.5036125,24.225574999999992,43.55,1.5381123085406379,0.0,42.9,44.2,197.95,28.8251991365742,0.0,184.84875,209.50124999999997,50.5,32.83691760647971,0.0,36.64875,64.35124999999998,108.0,0.0,0.0,0.0,0.0,0.0,0.0,1.8,0.6958523739384594,0.0,1.5,2.1,3.0,20.5,2.2594829403858614,0.0,19.5,21.45,24.0,46.3,22.66715685744465,0.0,36.448750000000004,55.65,80.0,True,0.986052303860523,True,False,False,False
11,50000,random,validation,0.3,0.4,0.5,20,1,20,conditional_on_one_trained_policy,0,0,120.5,21.995576437769124,7.787732736484545,0.0,18.664433674493267,25.25950305739299,80.5,21.53210577132131,0.0,71.15,89.625,19.4915,10.26014524166773,0.0,15.07368125,23.958133333333333,42.15,1.9269556026896002,0.0,41.35,42.95,200.55,30.534665373533805,0.0,187.1,213.0,47.9,30.827021639430153,0.0,34.95,60.8,98.0,0.0,0.0,0.0,0.0,0.0,0.0,1.8,0.6958523739384594,0.0,1.5,2.1,3.0,20.15,2.2070461326349626,0.0,19.2,21.05,23.0,47.4,23.593933207723683,0.0,37.35,57.35,85.0,True,0.9990037359900374,True,True,True,False
12,50000,random,validation,0.3,0.4,0.6,20,1,20,conditional_on_one_trained_policy,0,0,154.0,21.853136048251674,7.0535789509529545,0.0,18.865825717359503,24.852634288149627,87.65,27.813334552824987,0.0,76.15,99.52562499999999,19.283416666666664,9.869964427479342,0.0,15.182970833333334,23.491541666666667,42.05,1.5035046776746235,0.0,41.4,42.7,202.25,31.659163469348766,0.0,188.15,215.2,46.2,29.432527655818593,0.0,33.84875,58.501249999999985,108.0,0.0,0.0,0.0,0.0,0.0,0.0,1.8,0.6958523739384594,0.0,1.5,2.1,3.0,20.0,2.3169853371636986,0.0,18.95,20.95,24.0,46.3,22.021759574040445,0.0,36.85,55.501249999999985,82.0,True,1.0074719800747198,True,False,False,True
13,50000,random,validation,0.3,0.5,0.4,20,1,20,conditional_on_one_trained_policy,0,0,118.0,21.937932267544475,7.795582675273033,0.0,18.603369798435867,25.234117395129992,80.85,21.97971552902453,0.0,71.5,90.0,19.5075,10.57954962754263,0.0,14.97901458333333,23.978220833333335,44.55,1.9594574974238472,0.0,43.7,45.4,201.15,29.153450639856104,0.0,187.85,212.75124999999997,47.3,32.23940054294467,0.0,33.846250000000005,60.95124999999999,101.0,0.0,0.0,0.0,0.0,0.0,0.0,1.8,0.6958523739384594,0.0,1.5,2.1,3.0,19.35,2.4553914898486258,0.0,18.25,20.3,22.0,45.45,24.332077593169064,0.0,35.15,55.9,94.0,True,1.0019925280199253,True,True,True,False
14,50000,random,validation,0.3,0.5,0.5,20,1,20,conditional_on_one_trained_policy,0,0,127.0,22.18279906638221,7.305972687597849,0.0,19.082857069696132,25.303534606280678,81.7,22.546676730262206,0.0,71.95,91.42562499999998,19.5545,10.081594863909181,0.0,15.33511666666667,23.852260416666663,43.4,2.036508880671192,0.0,42.55,44.3,200.75,32.14420632089086,0.0,186.49875,213.75124999999997,47.7,29.488802513567936,0.0,35.2,60.15,98.0,0.0,0.0,0.0,0.0,0.0,0.0,1.85,0.7451598203705946,0.0,1.55,2.2,3.0,19.0,2.5751852258368566,0.0,17.9,20.1,22.0,45.6,20.714602019882143,0.0,36.7475,54.2,78.0,True,1.0,True,True,True,False
15,50000,random,validation,0.3,0.5,0.6,20,1,20,conditional_on_one_trained_policy,0,0,108.5,21.603288536662983,7.5122529553202995,0.0,18.387949752939427,24.82531669977678,74.8,20.860690809573672,0.0,65.749375,83.375,19.14333333333333,10.235733346199623,0.0,14.82756041666667,23.533829166666656,41.5,1.6059101370939324,0.0,40.8,42.15,201.9,30.84238368834269,0.0,188.14875,214.15,46.55,31.381313581576904,0.0,33.5,59.501249999999985,102.0,0.0,0.0,0.0,0.0,0.0,0.0,1.8,0.6958523739384594,0.0,1.5,2.1,3.0,19.4,2.1126187291456167,0.0,18.45,20.3,22.0,45.4,22.250724411625463,0.0,35.95,54.7,85.0,True,1.0057285180572852,True,True,True,True
16,50000,random,validation,0.3,0.6,0.4,20,1,20,conditional_on_one_trained_policy,0,0,128.5,23.68483409182036,8.731629749396221,0.0,19.85232116421453,27.392753970823854,78.225,26.66629796894239,0.0,67.099375,89.52562499999999,21.12683333333333,11.479425695488674,0.0,16.1611875,26.023527083333327,44.1,1.58612404107756,0.0,43.45,44.8,194.0,25.694562193502918,0.0,182.45,204.30124999999998,54.45,35.99192160822525,0.0,39.35,69.60124999999998,116.0,0.0,0.0,0.0,0.0,0.0,0.0,1.8,0.6958523739384594,0.0,1.5,2.1,3.0,19.3,2.2501461940809184,0.0,18.3,20.25,22.0,49.2,24.656802200140273,0.0,38.65,59.7,92.0,True,0.9663760896637609,True,True,True,False
17,50000,random,validation,0.3,0.6,0.5,20,1,20,conditional_on_one_trained_policy,0,0,125.5,23.611202679312793,8.688042979574936,0.0,19.96458435345147,27.377865618883003,82.825,22.518574204654396,0.0,73.299375,92.50062499999999,21.029833333333336,11.723509979015251,0.0,16.13491666666667,26.10051666666666,42.95,1.7910596686995397,0.0,42.2,43.75,199.2,29.575238576249987,0.0,185.9,211.20124999999996,49.25,32.03267246520586,0.0,35.85,62.8,116.0,0.0,0.0,0.0,0.0,0.0,0.0,1.8,0.6958523739384594,0.0,1.5,2.1,3.0,19.05,1.9324105480761042,0.0,18.2,19.85,23.0,48.0,25.13961017995307,0.0,37.2,58.70124999999999,95.0,True,0.9922789539227895,True,False,False,False
18,50000,random,validation,0.3,0.6,0.6,20,1,20,conditional_on_one_trained_policy,0,0,130.0,22.95793298347291,7.207615810695329,0.0,19.880686479066906,26.028879967690564,80.675,19.222571025804672,0.0,72.649375,88.97562499999998,20.264166666666664,10.376983816536239,0.0,15.879220833333333,24.749172916666662,43.45,1.5381123085406379,0.0,42.8,44.1,199.5,29.202559368730174,0.0,186.35,211.45124999999996,48.95,30.972780919619357,0.0,36.0,61.9,108.0,0.0,0.0,0.0,0.0,0.0,0.0,1.8,0.6958523739384594,0.0,1.5,2.1,3.0,20.75,2.6332889181242134,0.0,19.55,21.801249999999982,25.0,45.1,21.215436286866815,0.0,36.09875,54.15124999999998,84.0,True,0.9937733499377335,True,True,True,False
19,50000,random,validation,0.4,0.4,0.4,20,1,20,conditional_on_one_trained_policy,0,0,126.0,23.843915766326255,8.719641022825401,0.0,20.084430009239504,27.46831774766088,81.4,19.9509925884192,0.0,72.9,89.9,21.179916666666674,11.407381554943205,0.0,16.24798541666667,25.97761875,43.1,1.58612404107756,0.0,42.4,43.75,195.55,26.298839277968543,0.0,183.6,206.0,52.9,35.51560072329965,0.0,37.8,67.7,109.0,0.0,0.0,0.0,0.0,0.0,0.0,1.8,0.6958523739384594,0.0,1.5,2.1,3.0,19.35,2.3457688673327066,0.0,18.35,20.3,22.0,49.9,25.02188515763961,0.0,39.25,60.5,98.0,True,0.9740971357409715,True,True,True,False
20,50000,random,validation,0.4,0.4,0.5,20,1,20,conditional_on_one_trained_policy,0,0,113.5,21.981202709821392,7.092479734861671,0.0,18.889243644481482,24.946400924319455,81.975,20.21299412702006,0.0,73.32375,90.475,19.39691666666667,9.747731919056323,0.0,15.217962499999997,23.530699999999996,43.6,1.9029063643750175,0.0,42.8,44.45,200.05,30.356608575572576,0.0,186.74875,212.4,48.4,30.822753044839423,0.0,35.448750000000004,61.55,106.0,0.0,0.0,0.0,0.0,0.0,0.0,1.8,0.6958523739384594,0.0,1.5,2.1,3.0,19.8,2.483630619200766,0.0,18.75,20.9,24.0,45.0,21.29986409642831,0.0,35.85,53.95124999999999,87.0,True,0.9965130759651308,True,False,False,False
21,50000,random,validation,0.4,0.4,0.6,20,1,20,conditional_on_one_trained_policy,0,0,141.5,22.727542938511014,8.283381732745804,0.0,19.17634987680286,26.303991995871026,83.925,29.33754330833482,0.0,71.44875,96.50124999999998,20.149916666666666,11.066851780250037,0.0,15.495377083333333,24.94035416666666,41.0,1.7471781760734562,0.0,40.3,41.8,202.8,30.89813484406632,0.0,188.8,215.5,45.65,32.16450315422103,0.0,32.1475,59.20124999999999,117.0,0.0,0.0,0.0,0.0,0.0,0.0,1.95,0.9986833437344549,0.0,1.55,2.4,5.0,20.95,2.4596747752497685,0.0,19.95,22.05,27.0,47.7,25.480849362031208,0.0,36.8,58.601249999999986,105.0,True,1.0102117061021172,True,False,False,True
22,50000,random,validation,0.4,0.5,0.4,20,1,20,conditional_on_one_trained_policy,0,0,111.5,23.81267260138011,8.474568293317118,0.0,20.166366204136395,27.42463833600285,77.65,22.43593217656844,0.0,68.149375,87.125,21.17733333333333,11.491081303870569,0.0,16.293483333333334,26.115764583333334,44.9,1.5525869752736796,0.0,44.2,45.55,193.15,24.094714423663433,0.0,182.1,202.55124999999998,55.3,37.28143322295824,0.0,39.49875,71.00124999999998,117.0,0.0,0.0,0.0,0.0,0.0,0.0,1.8,0.6958523739384594,0.0,1.5,2.1,3.0,19.2,2.1908902300206647,0.0,18.25,20.1,24.0,49.35,25.359053195010425,0.0,38.59875,60.30124999999998,94.0,True,0.9621419676214197,True,True,True,False
23,50000,random,validation,0.4,0.5,0.5,20,1,20,conditional_on_one_trained_policy,0,0,138.0,23.530846581749056,8.153527399278493,0.0,19.97187005143702,27.032190500867483,83.325,26.086533630248866,0.0,72.324375,94.52687499999998,20.89858333333333,11.06001533731739,0.0,16.18489791666667,25.63825833333334,43.55,2.163695668842645,0.0,42.65,44.5,196.3,27.476497133674847,0.0,183.95,207.20124999999996,52.15,35.28123849121065,0.0,37.29875,66.85,120.0,0.0,0.0,0.0,0.0,0.0,0.0,1.8,0.6958523739384594,0.0,1.5,2.1,3.0,20.7,2.226633049436324,0.0,19.75,21.65,25.0,48.75,25.243811122728676,0.0,37.95,59.35,92.0,True,0.9778331257783314,True,False,False,False
24,50000,random,validation,0.4,0.5,0.6,20,1,20,conditional_on_one_trained_policy,0,0,131.5,22.278520456622566,7.5387191840887775,0.0,19.0195159153603,25.433875725358686,83.425,25.550916658806255,0.0,72.2,94.25,19.75933333333333,10.348026232117155,0.0,15.35495833333333,24.19065624999998,42.25,1.446411166701189,0.0,41.6,42.85,198.75,28.89340664180015,0.0,185.8,210.65,49.7,32.01167550162054,0.0,36.14875,63.15,110.0,0.0,0.0,0.0,0.0,0.0,0.0,1.8,0.6958523739384594,0.0,1.5,2.1,3.0,20.65,1.6311119875071343,0.0,19.95,21.35,24.0,46.15,22.702364820014953,0.0,36.49875,55.8,90.0,True,0.9900373599003736,True,False,False,False
25,50000,random,validation,0.4,0.6,0.4,20,1,20,conditional_on_one_trained_policy,0,0,123.5,23.641189307258365,8.045111206526752,0.0,20.119027257264996,27.018196023289946,81.65,18.149307656796516,0.0,73.725,89.475,20.926416666666668,10.839464058456091,0.0,16.32960625,25.577775000000003,45.0,1.5894388284780525,0.0,44.3,45.65,195.85,27.497894656251702,0.0,183.74875,207.25,52.6,36.64969304100649,0.0,37.2,67.65124999999999,135.0,0.0,0.0,0.0,0.0,0.0,0.0,1.8,0.6958523739384594,0.0,1.5,2.1,3.0,18.35,1.9808291724745768,0.0,17.5,19.2,22.0,51.6,26.96274232499748,0.0,40.15,62.90124999999998,99.0,True,0.9755915317559153,True,True,True,False
26,50000,random,validation,0.4,0.6,0.5,20,1,20,conditional_on_one_trained_policy,0,0,132.0,24.606164180520544,8.445754000817391,0.0,20.972956928746758,28.20385195534701,83.325,22.353779263659668,0.0,73.775,92.875,21.755249999999997,11.480747121436579,0.0,16.858833333333333,26.76255416666666,45.4,1.9574419397183713,0.0,44.6,46.25,192.35,28.742550522288656,0.0,179.65,204.15,56.1,37.82911716209034,0.0,40.448750000000004,72.2,151.0,0.0,0.0,0.0,0.0,0.0,0.0,1.8,0.6958523739384594,0.0,1.5,2.1,3.0,20.5,1.7917941611104424,0.0,19.8,21.3,24.0,51.0,25.099800796022265,0.0,40.25,61.7,101.0,True,0.9581569115815691,True,False,False,False
27,50000,random,validation,0.4,0.6,0.6,20,1,20,conditional_on_one_trained_policy,0,0,109.5,23.176509175950105,7.540520410017692,0.0,19.941642383578234,26.35766625720089,78.875,19.002683328525226,0.0,70.8,86.87562499999999,20.458583333333333,10.537663087955657,0.0,16.04940833333333,24.914047916666668,42.75,1.6503588126605426,0.0,42.0,43.45,198.2,29.683594618470387,0.0,184.79875,210.20124999999996,50.25,31.829934603170415,0.0,37.05,63.7,109.0,0.0,0.0,0.0,0.0,0.0,0.0,1.8,0.6958523739384594,0.0,1.5,2.1,3.0,19.8,2.041671142136162,0.0,18.99875,20.7,24.0,49.05,24.293111434270717,0.0,38.79875,59.2,96.0,True,0.9872976338729763,True,True,True,False
28,50000,random,validation,0.3,0.5,0.7,20,1,20,conditional_on_one_trained_policy,0,0,133.0,22.879462232029955,7.940027177281427,0.0,19.549459178835445,26.264461987002527,83.1,27.18097244687715,0.0,71.649375,94.60062499999998,20.215583333333335,10.996582234523748,0.0,15.622,25.015443749999996,40.8,1.8238190122579827,0.0,40.0,41.55,198.8,32.69894574189784,0.0,184.45,212.20249999999996,49.65,31.659828439871642,0.0,36.55,63.1,121.0,0.0,0.0,0.0,0.0,0.0,0.0,1.85,0.7451598203705946,0.0,1.55,2.2,3.0,21.35,2.300457620378584,0.0,20.25,22.25,25.0,48.45,25.85887814556866,0.0,37.75,59.351249999999986,108.0,True,0.9902864259028643,True,False,False,True
29,50000,random,validation,0.3,0.5,0.3,20,1,20,conditional_on_one_trained_policy,0,0,129.0,23.411041713857877,7.728043165096676,0.0,20.06883193704404,26.727828865196344,90.225,23.805945188456384,0.0,79.825,100.15124999999999,20.661083333333337,10.679752927620996,0.0,16.099922916666667,25.305812500000002,45.05,1.8202082009311027,0.0,44.25,45.8,197.2,29.802154637754494,0.0,183.94875,209.45,51.25,32.60590033785458,0.0,37.54875,64.9,116.0,0.0,0.0,0.0,0.0,0.0,0.0,1.8,0.6958523739384594,0.0,1.5,2.1,3.0,19.6,2.1618705350983243,0.0,18.65,20.5,23.0,47.45,23.847045497238614,0.0,37.25,57.40124999999998,89.0,True,0.9823163138231631,True,False,False,False
30,50000,random,validation,0.3,0.3,0.5,20,1,20,conditional_on_one_trained_policy,0,0,128.5,23.036969638747212,7.64116560662498,0.0,19.679082485243903,26.228690934255816,83.475,22.76566840430425,0.0,73.55,93.2,20.395583333333327,10.472936568737873,0.0,15.884085416666668,24.873458333333325,42.7,1.4545753585442762,0.0,42.1,43.3,200.3,30.42696172804639,0.0,186.59875,212.75,48.15,30.40996201039528,0.0,35.24875,61.05,106.0,0.0,0.0,0.0,0.0,0.0,0.0,1.8,0.6958523739384594,0.0,1.5,2.1,3.0,19.7,2.341839133312916,0.0,18.7,20.7,25.0,44.75,22.192637470448094,0.0,35.448750000000004,54.15,94.0,True,0.9977584059775841,True,False,False,False
