episode,controller,seed,traffic_scenario,avg_waiting_time,max_waiting_time,avg_queue,max_queue,throughput,phase_changes,forced_changes,episode_reward,departed,unfinished,pending,max_pending,collisions,teleports,duration,candidate_id,waiting_weight,max_waiting_weight,switch_penalty,alpha,beta,switch_gamma,training_seed,train_seed,training_steps,evaluation_seed,scenario,split,is_incumbent,demand_sha256,model_path,avg_waiting_time_change_pct,avg_waiting_time_difference,max_waiting_time_change_pct,max_waiting_time_difference,avg_queue_change_pct,avg_queue_difference,phase_changes_change_pct,phase_changes_difference,throughput_change_pct,throughput_difference
0,Fine-Test-DQN,10001,uniform,8.883040935672515,41.5,5.0633333333333335,14.0,165,42,15,-62.430025000000015,171,6,0,1,0,0,300.0,14,0.3,0.5,0.5,0.3,0.5,0.5,22,22,150000,10001,uniform,robustness,True,250284bcac1c0baa83063728d6b707b4bdbc074572ec1bdabfbcce49fc8e207f,C:\Users\권민우\traffic-control\model\results\reward_fine_search_2026-10-09\runs\multiseed\seed_22\candidate_14\attempt_001\experiment_14\final.zip,0.0,0.0,0.0,0.0,0.0,0.0,0.0,0.0,0.0,0.0
1,Fine-Test-DQN,10002,uniform,12.310650887573965,50.0,6.935,19.0,161,43,15,-78.00078333333337,169,8,0,1,0,0,300.0,14,0.3,0.5,0.5,0.3,0.5,0.5,22,22,150000,10002,uniform,robustness,True,55573a245e323e28dbca8bedd74b3f456eeb567da6cf883f7b3c8ec862264156,C:\Users\권민우\traffic-control\model\results\reward_fine_search_2026-10-09\runs\multiseed\seed_22\candidate_14\attempt_001\experiment_14\final.zip,0.0,0.0,0.0,0.0,0.0,0.0,0.0,0.0,0.0,0.0
2,Fine-Test-DQN,10003,uniform,9.604575163398692,34.5,4.898333333333333,17.0,148,44,19,-61.79092916666662,153,5,0,1,0,0,300.0,14,0.3,0.5,0.5,0.3,0.5,0.5,22,22,150000,10003,uniform,robustness,True,65dd33b1fc94132b1f413e49ed9e857d3629efaaf5af90805afd29083242cfe8,C:\Users\권민우\traffic-control\model\results\reward_fine_search_2026-10-09\runs\multiseed\seed_22\candidate_14\attempt_001\experiment_14\final.zip,0.0,0.0,0.0,0.0,0.0,0.0,0.0,0.0,0.0,0.0
3,Fine-Test-DQN,10004,uniform,8.99390243902439,50.0,4.916666666666667,15.0,161,43,16,-65.27234583333332,164,3,0,1,0,0,300.0,14,0.3,0.5,0.5,0.3,0.5,0.5,22,22,150000,10004,uniform,robustness,True,4d34c960eac4c650d9dbb9b7f0c0865401bd52550596eea686373c6a00f34e65,C:\Users\권민우\traffic-control\model\results\reward_fine_search_2026-10-09\runs\multiseed\seed_22\candidate_14\attempt_001\experiment_14\final.zip,0.0,0.0,0.0,0.0,0.0,0.0,0.0,0.0,0.0,0.0
4,Fine-Test-DQN,10005,uniform,9.769461077844312,39.0,5.4383333333333335,17.0,165,42,19,-62.68929166666666,167,2,0,2,0,0,300.0,14,0.3,0.5,0.5,0.3,0.5,0.5,22,22,150000,10005,uniform,robustness,True,22c9b6161cc9b6106a56b1c928d073f54f5a945d955d2518e915f9364b6b61ee,C:\Users\권민우\traffic-control\model\results\reward_fine_search_2026-10-09\runs\multiseed\seed_22\candidate_14\attempt_001\experiment_14\final.zip,0.0,0.0,0.0,0.0,0.0,0.0,0.0,0.0,0.0,0.0
5,Fine-Test-DQN,10006,uniform,8.101190476190476,41.0,4.536666666666667,13.0,165,41,14,-60.72379583333337,168,3,0,1,0,0,300.0,14,0.3,0.5,0.5,0.3,0.5,0.5,22,22,150000,10006,uniform,robustness,True,08b07fb4ef47d553e47819bc9ed7035f1424b13b6836dec041c25f4da42740d5,C:\Users\권민우\traffic-control\model\results\reward_fine_search_2026-10-09\runs\multiseed\seed_22\candidate_14\attempt_001\experiment_14\final.zip,0.0,0.0,0.0,0.0,0.0,0.0,0.0,0.0,0.0,0.0
6,Fine-Test-DQN,10007,uniform,9.503333333333334,50.5,4.751666666666667,14.0,144,41,15,-59.793070833333296,150,6,0,1,0,0,300.0,14,0.3,0.5,0.5,0.3,0.5,0.5,22,22,150000,10007,uniform,robustness,True,387484d6a900435b2be67102a8d36e9d71698233f471e926a1e5e5bb259cc0ab,C:\Users\권민우\traffic-control\model\results\reward_fine_search_2026-10-09\runs\multiseed\seed_22\candidate_14\attempt_001\experiment_14\final.zip,0.0,0.0,0.0,0.0,0.0,0.0,0.0,0.0,0.0,0.0
7,Fine-Test-DQN,10008,uniform,12.030864197530864,40.0,6.496666666666667,15.0,151,44,17,-70.17687500000008,162,11,0,1,0,0,300.0,14,0.3,0.5,0.5,0.3,0.5,0.5,22,22,150000,10008,uniform,robustness,True,00fe41bbebab4041363e5afcbcc2c23544c54ca6d4c5ae2af198be70507a1873,C:\Users\권민우\traffic-control\model\results\reward_fine_search_2026-10-09\runs\multiseed\seed_22\candidate_14\attempt_001\experiment_14\final.zip,0.0,0.0,0.0,0.0,0.0,0.0,0.0,0.0,0.0,0.0
8,Fine-Test-DQN,10009,uniform,8.679738562091503,37.0,4.426666666666667,14.0,149,42,13,-59.14146666666665,153,4,0,1,0,0,300.0,14,0.3,0.5,0.5,0.3,0.5,0.5,22,22,150000,10009,uniform,robustness,True,db755cc5c7534f1f4bba30522edaea6ea6697847fb9264b137731948e7bcf5f5,C:\Users\권민우\traffic-control\model\results\reward_fine_search_2026-10-09\runs\multiseed\seed_22\candidate_14\attempt_001\experiment_14\final.zip,0.0,0.0,0.0,0.0,0.0,0.0,0.0,0.0,0.0,0.0
9,Fine-Test-DQN,10010,uniform,9.090277777777779,41.5,4.363333333333333,14.0,140,41,11,-62.00223749999997,144,4,0,1,0,0,300.0,14,0.3,0.5,0.5,0.3,0.5,0.5,22,22,150000,10010,uniform,robustness,True,47289ed4e11fcea1450b469962f48cc60783b8b96467ce11c53188dff5ccc335,C:\Users\권민우\traffic-control\model\results\reward_fine_search_2026-10-09\runs\multiseed\seed_22\candidate_14\attempt_001\experiment_14\final.zip,0.0,0.0,0.0,0.0,0.0,0.0,0.0,0.0,0.0,0.0
0,Fine-Test-DQN,10001,north_south_congested,14.769736842105264,67.0,11.225,29.0,203,44,21,-102.81305000000006,228,25,0,2,0,0,300.0,14,0.3,0.5,0.5,0.3,0.5,0.5,22,22,150000,10001,north_south_congested,robustness,True,b63212f274cbe17aaa818cd03254888f3481b3d3ca35ad4e1ae7dc469111da57,C:\Users\권민우\traffic-control\model\results\reward_fine_search_2026-10-09\runs\multiseed\seed_22\candidate_14\attempt_001\experiment_14\final.zip,0.0,0.0,0.0,0.0,0.0,0.0,0.0,0.0,0.0,0.0
1,Fine-Test-DQN,10002,north_south_congested,13.456818181818182,61.5,9.868333333333334,26.0,208,42,22,-94.60147083333338,220,12,0,3,0,0,300.0,14,0.3,0.5,0.5,0.3,0.5,0.5,22,22,150000,10002,north_south_congested,robustness,True,aeb3e85a187bb26697d663058b1c7d1e461868a8c8046149918f92255403feb6,C:\Users\권민우\traffic-control\model\results\reward_fine_search_2026-10-09\runs\multiseed\seed_22\candidate_14\attempt_001\experiment_14\final.zip,0.0,0.0,0.0,0.0,0.0,0.0,0.0,0.0,0.0,0.0
2,Fine-Test-DQN,10003,north_south_congested,13.439814814814815,57.5,9.676666666666666,35.0,208,38,20,-88.3279,216,8,0,2,0,0,300.0,14,0.3,0.5,0.5,0.3,0.5,0.5,22,22,150000,10003,north_south_congested,robustness,True,fe8ca438ed12a37e25efe81a5884e924aacb67d6081c6b6f5dbef8d32120e46b,C:\Users\권민우\traffic-control\model\results\reward_fine_search_2026-10-09\runs\multiseed\seed_22\candidate_14\attempt_001\experiment_14\final.zip,0.0,0.0,0.0,0.0,0.0,0.0,0.0,0.0,0.0,0.0
3,Fine-Test-DQN,10004,north_south_congested,14.42152466367713,75.0,10.72,28.0,206,45,18,-104.65043333333335,223,17,0,1,0,0,300.0,14,0.3,0.5,0.5,0.3,0.5,0.5,22,22,150000,10004,north_south_congested,robustness,True,093eaf3794c8268252a4779442067ccffb67308c2b5d73abc94e7fa49484fcf7,C:\Users\권민우\traffic-control\model\results\reward_fine_search_2026-10-09\runs\multiseed\seed_22\candidate_14\attempt_001\experiment_14\final.zip,0.0,0.0,0.0,0.0,0.0,0.0,0.0,0.0,0.0,0.0
4,Fine-Test-DQN,10005,north_south_congested,18.675,81.0,14.94,48.0,217,44,20,-125.6889958333334,240,23,0,2,0,0,300.0,14,0.3,0.5,0.5,0.3,0.5,0.5,22,22,150000,10005,north_south_congested,robustness,True,2c6343f7c2a4fa20267425f76cf4419673a703bf1ecb8caba80e0f5b77cf1d2d,C:\Users\권민우\traffic-control\model\results\reward_fine_search_2026-10-09\runs\multiseed\seed_22\candidate_14\attempt_001\experiment_14\final.zip,0.0,0.0,0.0,0.0,0.0,0.0,0.0,0.0,0.0,0.0
5,Fine-Test-DQN,10006,north_south_congested,15.623318385650224,65.5,11.613333333333333,33.0,200,41,17,-102.07960416666668,223,23,0,2,0,0,300.0,14,0.3,0.5,0.5,0.3,0.5,0.5,22,22,150000,10006,north_south_congested,robustness,True,caa2079e11f2e254e48349aa7f5984771defff387eb55ac7f2223e532b7857a6,C:\Users\권민우\traffic-control\model\results\reward_fine_search_2026-10-09\runs\multiseed\seed_22\candidate_14\attempt_001\experiment_14\final.zip,0.0,0.0,0.0,0.0,0.0,0.0,0.0,0.0,0.0,0.0
6,Fine-Test-DQN,10007,north_south_congested,14.38701923076923,60.0,9.975,29.0,180,42,21,-94.95075833333337,208,28,0,2,0,0,300.0,14,0.3,0.5,0.5,0.3,0.5,0.5,22,22,150000,10007,north_south_congested,robustness,True,322d6cfc86ba7f3251f383d51648568244eb88651324716318bb6cac9ab74516,C:\Users\권민우\traffic-control\model\results\reward_fine_search_2026-10-09\runs\multiseed\seed_22\candidate_14\attempt_001\experiment_14\final.zip,0.0,0.0,0.0,0.0,0.0,0.0,0.0,0.0,0.0,0.0
7,Fine-Test-DQN,10008,north_south_congested,16.506666666666668,62.5,12.38,32.0,196,42,15,-105.00549583333334,225,29,0,2,0,0,300.0,14,0.3,0.5,0.5,0.3,0.5,0.5,22,22,150000,10008,north_south_congested,robustness,True,e46c75f7721b4b8a841437c798e7685a5273a5f57eadae1b40054106ecbfde0d,C:\Users\권민우\traffic-control\model\results\reward_fine_search_2026-10-09\runs\multiseed\seed_22\candidate_14\attempt_001\experiment_14\final.zip,0.0,0.0,0.0,0.0,0.0,0.0,0.0,0.0,0.0,0.0
8,Fine-Test-DQN,10009,north_south_congested,10.903846153846153,47.0,7.56,20.0,196,43,18,-78.6555833333333,208,12,0,2,0,0,300.0,14,0.3,0.5,0.5,0.3,0.5,0.5,22,22,150000,10009,north_south_congested,robustness,True,6743307d683389b2bac3311f22c9e702db12878563c8805f04b932dea2f89dd0,C:\Users\권민우\traffic-control\model\results\reward_fine_search_2026-10-09\runs\multiseed\seed_22\candidate_14\attempt_001\experiment_14\final.zip,0.0,0.0,0.0,0.0,0.0,0.0,0.0,0.0,0.0,0.0
9,Fine-Test-DQN,10010,north_south_congested,10.42896174863388,44.0,6.361666666666666,23.0,179,41,17,-68.18238333333333,183,4,0,1,0,0,300.0,14,0.3,0.5,0.5,0.3,0.5,0.5,22,22,150000,10010,north_south_congested,robustness,True,f6717f358c76bdccf915fbbd8b10a60c9726bc0d6149ba67f89bd5bb656b7861,C:\Users\권민우\traffic-control\model\results\reward_fine_search_2026-10-09\runs\multiseed\seed_22\candidate_14\attempt_001\experiment_14\final.zip,0.0,0.0,0.0,0.0,0.0,0.0,0.0,0.0,0.0,0.0
0,Fine-Test-DQN,10001,east_west_congested,12.811363636363636,62.5,9.395,31.0,199,42,21,-88.41979999999994,220,21,0,2,0,0,300.0,14,0.3,0.5,0.5,0.3,0.5,0.5,22,22,150000,10001,east_west_congested,robustness,True,7014ab4e475772715a3e7f6fb839be120bcf4d1dc468ec8d967aa57badcce396,C:\Users\권민우\traffic-control\model\results\reward_fine_search_2026-10-09\runs\multiseed\seed_22\candidate_14\attempt_001\experiment_14\final.zip,0.0,0.0,0.0,0.0,0.0,0.0,0.0,0.0,0.0,0.0
1,Fine-Test-DQN,10002,east_west_congested,12.88963963963964,74.5,9.538333333333334,27.0,204,45,20,-99.80354583333335,222,18,0,2,0,0,300.0,14,0.3,0.5,0.5,0.3,0.5,0.5,22,22,150000,10002,east_west_congested,robustness,True,4f97087664eb21e69b1d61ef40e41dfc3f11972bd69e1b5e095d20b6264e91c0,C:\Users\권민우\traffic-control\model\results\reward_fine_search_2026-10-09\runs\multiseed\seed_22\candidate_14\attempt_001\experiment_14\final.zip,0.0,0.0,0.0,0.0,0.0,0.0,0.0,0.0,0.0,0.0
2,Fine-Test-DQN,10003,east_west_congested,15.693181818181818,56.0,11.508333333333333,28.0,200,43,19,-102.15309166666668,220,20,0,2,0,0,300.0,14,0.3,0.5,0.5,0.3,0.5,0.5,22,22,150000,10003,east_west_congested,robustness,True,d82d795e55fee28331c83ba6fd81c86cb2e0a98cbecc12a856208db55e8a8a99,C:\Users\권민우\traffic-control\model\results\reward_fine_search_2026-10-09\runs\multiseed\seed_22\candidate_14\attempt_001\experiment_14\final.zip,0.0,0.0,0.0,0.0,0.0,0.0,0.0,0.0,0.0,0.0
3,Fine-Test-DQN,10004,east_west_congested,15.418552036199095,66.5,11.358333333333333,31.0,200,42,16,-101.49449999999995,221,21,0,1,0,0,300.0,14,0.3,0.5,0.5,0.3,0.5,0.5,22,22,150000,10004,east_west_congested,robustness,True,f423a6bfbd55156b8a59bfbd892ae732364f03bb40ae4f27020c8faa9a97b8d8,C:\Users\권민우\traffic-control\model\results\reward_fine_search_2026-10-09\runs\multiseed\seed_22\candidate_14\attempt_001\experiment_14\final.zip,0.0,0.0,0.0,0.0,0.0,0.0,0.0,0.0,0.0,0.0
4,Fine-Test-DQN,10005,east_west_congested,13.113744075829384,40.0,9.223333333333333,25.0,200,44,21,-86.89784583333336,211,11,0,2,0,0,300.0,14,0.3,0.5,0.5,0.3,0.5,0.5,22,22,150000,10005,east_west_congested,robustness,True,a604bfd40c6a464e1f4b6462aa7ffc73a2ec5a29937c039c641d3fc39378f15f,C:\Users\권민우\traffic-control\model\results\reward_fine_search_2026-10-09\runs\multiseed\seed_22\candidate_14\attempt_001\experiment_14\final.zip,0.0,0.0,0.0,0.0,0.0,0.0,0.0,0.0,0.0,0.0
5,Fine-Test-DQN,10006,east_west_congested,16.023605150214593,82.0,12.445,33.0,216,41,19,-117.38232083333338,233,17,0,1,0,0,300.0,14,0.3,0.5,0.5,0.3,0.5,0.5,22,22,150000,10006,east_west_congested,robustness,True,a81dc7176cbbc13a10bd5c24219daa61e385d6f586066716005c1f4d45cf1b27,C:\Users\권민우\traffic-control\model\results\reward_fine_search_2026-10-09\runs\multiseed\seed_22\candidate_14\attempt_001\experiment_14\final.zip,0.0,0.0,0.0,0.0,0.0,0.0,0.0,0.0,0.0,0.0
6,Fine-Test-DQN,10007,east_west_congested,12.927083333333334,55.0,8.273333333333333,31.0,187,41,20,-80.92785000000005,192,5,0,1,0,0,300.0,14,0.3,0.5,0.5,0.3,0.5,0.5,22,22,150000,10007,east_west_congested,robustness,True,909d1f7c41790cd2192adf1a0fc2bb55e5aacf50a14f56e5b0dcb15cf5fedea5,C:\Users\권민우\traffic-control\model\results\reward_fine_search_2026-10-09\runs\multiseed\seed_22\candidate_14\attempt_001\experiment_14\final.zip,0.0,0.0,0.0,0.0,0.0,0.0,0.0,0.0,0.0,0.0
7,Fine-Test-DQN,10008,east_west_congested,16.096491228070175,75.0,12.233333333333333,31.0,214,44,19,-110.55359583333333,228,14,0,2,0,0,300.0,14,0.3,0.5,0.5,0.3,0.5,0.5,22,22,150000,10008,east_west_congested,robustness,True,70c5c9184090e54156484a226cb9090397e5a3813116a921e071e84658ae93cb,C:\Users\권민우\traffic-control\model\results\reward_fine_search_2026-10-09\runs\multiseed\seed_22\candidate_14\attempt_001\experiment_14\final.zip,0.0,0.0,0.0,0.0,0.0,0.0,0.0,0.0,0.0,0.0
8,Fine-Test-DQN,10009,east_west_congested,11.449308755760368,56.0,8.281666666666666,25.0,205,41,18,-85.58114166666668,217,12,0,1,0,0,300.0,14,0.3,0.5,0.5,0.3,0.5,0.5,22,22,150000,10009,east_west_congested,robustness,True,b4aa553575c58736e884a282b713ebbac0a8bf63e27d6a87f06fc3e198d3ec94,C:\Users\권민우\traffic-control\model\results\reward_fine_search_2026-10-09\runs\multiseed\seed_22\candidate_14\attempt_001\experiment_14\final.zip,0.0,0.0,0.0,0.0,0.0,0.0,0.0,0.0,0.0,0.0
9,Fine-Test-DQN,10010,east_west_congested,10.975,58.0,7.316666666666666,26.0,189,43,18,-76.17309583333332,200,11,0,3,0,0,300.0,14,0.3,0.5,0.5,0.3,0.5,0.5,22,22,150000,10010,east_west_congested,robustness,True,775765634a237d75295b9e364938926e699edb07ee8ff4b3b3000ac5334b840a,C:\Users\권민우\traffic-control\model\results\reward_fine_search_2026-10-09\runs\multiseed\seed_22\candidate_14\attempt_001\experiment_14\final.zip,0.0,0.0,0.0,0.0,0.0,0.0,0.0,0.0,0.0,0.0
0,Fine-Test-DQN,10001,left_turn_congested,18.057213930348258,75.0,12.1,28.0,172,41,18,-110.26570416666675,201,29,0,3,0,0,300.0,14,0.3,0.5,0.5,0.3,0.5,0.5,22,22,150000,10001,left_turn_congested,robustness,True,9d692657ac905564832fb4234e78ff3012608a0677197664e838247108e37658,C:\Users\권민우\traffic-control\model\results\reward_fine_search_2026-10-09\runs\multiseed\seed_22\candidate_14\attempt_001\experiment_14\final.zip,0.0,0.0,0.0,0.0,0.0,0.0,0.0,0.0,0.0,0.0
1,Fine-Test-DQN,10002,left_turn_congested,19.344827586206897,48.0,13.095,31.0,161,43,18,-109.87121249999998,203,42,11,18,0,0,300.0,14,0.3,0.5,0.5,0.3,0.5,0.5,22,22,150000,10002,left_turn_congested,robustness,True,649bc6bac96016bc9620798b4bac70b112266149ea2a1bad52ffd6012b02ef55,C:\Users\권민우\traffic-control\model\results\reward_fine_search_2026-10-09\runs\multiseed\seed_22\candidate_14\attempt_001\experiment_14\final.zip,0.0,0.0,0.0,0.0,0.0,0.0,0.0,0.0,0.0,0.0
2,Fine-Test-DQN,10003,left_turn_congested,17.39378238341969,60.0,11.19,24.0,158,42,20,-104.00491249999996,193,35,0,2,0,0,300.0,14,0.3,0.5,0.5,0.3,0.5,0.5,22,22,150000,10003,left_turn_congested,robustness,True,d8a1b939005471a37693a3810a52d12878920a5cd5734fbdce3a131c52a4ee71,C:\Users\권민우\traffic-control\model\results\reward_fine_search_2026-10-09\runs\multiseed\seed_22\candidate_14\attempt_001\experiment_14\final.zip,0.0,0.0,0.0,0.0,0.0,0.0,0.0,0.0,0.0,0.0
3,Fine-Test-DQN,10004,left_turn_congested,17.90639269406393,71.5,13.075,31.0,181,40,21,-110.03336249999998,219,38,9,23,0,0,300.0,14,0.3,0.5,0.5,0.3,0.5,0.5,22,22,150000,10004,left_turn_congested,robustness,True,8a712a2a98cf3ac0b59309de95d0ec1adf9d9d7bdbfa074fcb229014a6a9fff1,C:\Users\권민우\traffic-control\model\results\reward_fine_search_2026-10-09\runs\multiseed\seed_22\candidate_14\attempt_001\experiment_14\final.zip,0.0,0.0,0.0,0.0,0.0,0.0,0.0,0.0,0.0,0.0
4,Fine-Test-DQN,10005,left_turn_congested,20.541871921182267,55.0,13.9,31.0,158,42,23,-115.0110041666666,203,45,8,18,0,0,300.0,14,0.3,0.5,0.5,0.3,0.5,0.5,22,22,150000,10005,left_turn_congested,robustness,True,838f1262d9750f8946b5eb55581b59eed90b8f5abe82fd661827f5e95508a6ff,C:\Users\권민우\traffic-control\model\results\reward_fine_search_2026-10-09\runs\multiseed\seed_22\candidate_14\attempt_001\experiment_14\final.zip,0.0,0.0,0.0,0.0,0.0,0.0,0.0,0.0,0.0,0.0
5,Fine-Test-DQN,10006,left_turn_congested,21.91304347826087,66.5,15.12,38.0,167,36,21,-117.11795416666668,207,40,0,8,0,0,300.0,14,0.3,0.5,0.5,0.3,0.5,0.5,22,22,150000,10006,left_turn_congested,robustness,True,af28668edc5ee8fca5e8fb747425dbc606b88fe6993f265c437beb9667c52fd3,C:\Users\권민우\traffic-control\model\results\reward_fine_search_2026-10-09\runs\multiseed\seed_22\candidate_14\attempt_001\experiment_14\final.zip,0.0,0.0,0.0,0.0,0.0,0.0,0.0,0.0,0.0,0.0
6,Fine-Test-DQN,10007,left_turn_congested,18.78813559322034,55.5,11.085,26.0,141,43,20,-104.47730416666667,177,36,0,2,0,0,300.0,14,0.3,0.5,0.5,0.3,0.5,0.5,22,22,150000,10007,left_turn_congested,robustness,True,79f84c22e0561d66f21afe5deb594624c98f88f5c784d55b895fa0120aecf5ba,C:\Users\권민우\traffic-control\model\results\reward_fine_search_2026-10-09\runs\multiseed\seed_22\candidate_14\attempt_001\experiment_14\final.zip,0.0,0.0,0.0,0.0,0.0,0.0,0.0,0.0,0.0,0.0
7,Fine-Test-DQN,10008,left_turn_congested,21.81904761904762,79.0,15.275,42.0,165,40,21,-123.68225833333325,210,45,0,9,0,0,300.0,14,0.3,0.5,0.5,0.3,0.5,0.5,22,22,150000,10008,left_turn_congested,robustness,True,e8f84969734f3bca281de12f8edd2eb433228b1602b154af81d1e1047c41c3ad,C:\Users\권민우\traffic-control\model\results\reward_fine_search_2026-10-09\runs\multiseed\seed_22\candidate_14\attempt_001\experiment_14\final.zip,0.0,0.0,0.0,0.0,0.0,0.0,0.0,0.0,0.0,0.0
8,Fine-Test-DQN,10009,left_turn_congested,19.306629834254142,74.0,11.648333333333333,25.0,146,43,21,-110.71274583333332,181,35,0,2,0,0,300.0,14,0.3,0.5,0.5,0.3,0.5,0.5,22,22,150000,10009,left_turn_congested,robustness,True,1906daab8c3f9122b4cda71d3f79d7f8939a643ed445af2aa691e843102f4c7b,C:\Users\권민우\traffic-control\model\results\reward_fine_search_2026-10-09\runs\multiseed\seed_22\candidate_14\attempt_001\experiment_14\final.zip,0.0,0.0,0.0,0.0,0.0,0.0,0.0,0.0,0.0,0.0
9,Fine-Test-DQN,10010,left_turn_congested,13.079896907216495,46.0,8.46,19.0,166,41,18,-84.01680416666663,194,28,0,2,0,0,300.0,14,0.3,0.5,0.5,0.3,0.5,0.5,22,22,150000,10010,left_turn_congested,robustness,True,9eac71beae364a00e2d23f0fd1f20ecaa54446bf1d18fd6e428bff9e2072f460,C:\Users\권민우\traffic-control\model\results\reward_fine_search_2026-10-09\runs\multiseed\seed_22\candidate_14\attempt_001\experiment_14\final.zip,0.0,0.0,0.0,0.0,0.0,0.0,0.0,0.0,0.0,0.0
0,Fine-Test-DQN,10001,heavy,44.572527472527476,123.5,67.60166666666667,135.0,256,40,26,-295.9683625,455,199,0,4,0,0,300.0,14,0.3,0.5,0.5,0.3,0.5,0.5,22,22,150000,10001,heavy,robustness,True,b9ba7a28d2f6ad6ae127642a9619ba97941e9964c4008f4462b4c3c95cd2f1f3,C:\Users\권민우\traffic-control\model\results\reward_fine_search_2026-10-09\runs\multiseed\seed_22\candidate_14\attempt_001\experiment_14\final.zip,0.0,0.0,0.0,0.0,0.0,0.0,0.0,0.0,0.0,0.0
1,Fine-Test-DQN,10002,heavy,41.78416485900217,101.5,64.20833333333333,148.0,271,41,23,-276.8110125,461,190,0,3,0,0,300.0,14,0.3,0.5,0.5,0.3,0.5,0.5,22,22,150000,10002,heavy,robustness,True,8b67f85c066b9d53aa23b129d57919b5c8065ae9a03065af9c4182aa1412d03b,C:\Users\권민우\traffic-control\model\results\reward_fine_search_2026-10-09\runs\multiseed\seed_22\candidate_14\attempt_001\experiment_14\final.zip,0.0,0.0,0.0,0.0,0.0,0.0,0.0,0.0,0.0,0.0
2,Fine-Test-DQN,10003,heavy,38.48148148148148,108.5,51.95,102.0,248,41,24,-241.9510166666666,405,157,0,3,0,0,300.0,14,0.3,0.5,0.5,0.3,0.5,0.5,22,22,150000,10003,heavy,robustness,True,3e78aa6a4ee4a4a9362626b66e063fdf5d0f68735f4234c95008a618a912c557,C:\Users\권민우\traffic-control\model\results\reward_fine_search_2026-10-09\runs\multiseed\seed_22\candidate_14\attempt_001\experiment_14\final.zip,0.0,0.0,0.0,0.0,0.0,0.0,0.0,0.0,0.0,0.0
3,Fine-Test-DQN,10004,heavy,46.774193548387096,120.0,62.833333333333336,131.0,225,40,25,-292.33066666666673,403,178,1,5,0,0,300.0,14,0.3,0.5,0.5,0.3,0.5,0.5,22,22,150000,10004,heavy,robustness,True,c5b1eacd1bdb31d37d6172bdb00dc8f652e40094071464b06e1e60ef649db1e7,C:\Users\권민우\traffic-control\model\results\reward_fine_search_2026-10-09\runs\multiseed\seed_22\candidate_14\attempt_001\experiment_14\final.zip,0.0,0.0,0.0,0.0,0.0,0.0,0.0,0.0,0.0,0.0
4,Fine-Test-DQN,10005,heavy,48.23222222222222,123.0,72.34833333333333,127.0,254,39,24,-310.9729500000001,450,196,0,4,0,0,300.0,14,0.3,0.5,0.5,0.3,0.5,0.5,22,22,150000,10005,heavy,robustness,True,505d20941a99d9099f694a719c0dfa4290d3f574864d8b8d4a91b8203764025e,C:\Users\권민우\traffic-control\model\results\reward_fine_search_2026-10-09\runs\multiseed\seed_22\candidate_14\attempt_001\experiment_14\final.zip,0.0,0.0,0.0,0.0,0.0,0.0,0.0,0.0,0.0,0.0
5,Fine-Test-DQN,10006,heavy,43.544186046511626,117.5,62.415,161.0,242,38,27,-272.83689583333324,430,188,0,5,0,0,300.0,14,0.3,0.5,0.5,0.3,0.5,0.5,22,22,150000,10006,heavy,robustness,True,13b4ed6e04308efb520c09636f3d385a80d2115301ca7dbcdf4515415ba6393d,C:\Users\권민우\traffic-control\model\results\reward_fine_search_2026-10-09\runs\multiseed\seed_22\candidate_14\attempt_001\experiment_14\final.zip,0.0,0.0,0.0,0.0,0.0,0.0,0.0,0.0,0.0,0.0
6,Fine-Test-DQN,10007,heavy,43.95727482678984,135.0,63.44833333333333,138.0,239,42,25,-288.91818333333316,433,194,0,7,0,0,300.0,14,0.3,0.5,0.5,0.3,0.5,0.5,22,22,150000,10007,heavy,robustness,True,2b1ec7dd42e7b44b78f5065fa1c3cc933af3dc0daf415c2c39f211277768b890,C:\Users\권민우\traffic-control\model\results\reward_fine_search_2026-10-09\runs\multiseed\seed_22\candidate_14\attempt_001\experiment_14\final.zip,0.0,0.0,0.0,0.0,0.0,0.0,0.0,0.0,0.0,0.0
7,Fine-Test-DQN,10008,heavy,39.93796526054591,121.5,53.65,113.0,250,41,24,-262.64117916666663,403,153,0,2,0,0,300.0,14,0.3,0.5,0.5,0.3,0.5,0.5,22,22,150000,10008,heavy,robustness,True,9d27cbf7d7528fd22303a2f8b481317b168d9f562e3bf72ed229957b01b0ee9d,C:\Users\권민우\traffic-control\model\results\reward_fine_search_2026-10-09\runs\multiseed\seed_22\candidate_14\attempt_001\experiment_14\final.zip,0.0,0.0,0.0,0.0,0.0,0.0,0.0,0.0,0.0,0.0
8,Fine-Test-DQN,10009,heavy,39.04951690821256,122.0,53.888333333333335,129.0,257,38,22,-271.694525,414,157,0,2,0,0,300.0,14,0.3,0.5,0.5,0.3,0.5,0.5,22,22,150000,10009,heavy,robustness,True,b690d9fbb2cb46d712c236f8305bcfa3eb41ee59b31cd0693f92ab8fe5ed8c10,C:\Users\권민우\traffic-control\model\results\reward_fine_search_2026-10-09\runs\multiseed\seed_22\candidate_14\attempt_001\experiment_14\final.zip,0.0,0.0,0.0,0.0,0.0,0.0,0.0,0.0,0.0,0.0
9,Fine-Test-DQN,10010,heavy,44.29376498800959,109.5,61.568333333333335,133.0,256,38,26,-286.03238333333337,417,161,0,3,0,0,300.0,14,0.3,0.5,0.5,0.3,0.5,0.5,22,22,150000,10010,heavy,robustness,True,9f2c2382a28f6af2e130ed1b58e055e95d66d684db408417d0f5f52ccae84e4c,C:\Users\권민우\traffic-control\model\results\reward_fine_search_2026-10-09\runs\multiseed\seed_22\candidate_14\attempt_001\experiment_14\final.zip,0.0,0.0,0.0,0.0,0.0,0.0,0.0,0.0,0.0,0.0
0,Fine-Test-DQN,10001,low,9.117647058823529,36.0,1.0333333333333334,4.0,34,34,21,-32.562050000000006,34,0,0,0,0,0,300.0,14,0.3,0.5,0.5,0.3,0.5,0.5,22,22,150000,10001,low,robustness,True,76f24d36a63cf29b67db10bf55ba8be83a526ff1e894718197a14bf70cb37655,C:\Users\권민우\traffic-control\model\results\reward_fine_search_2026-10-09\runs\multiseed\seed_22\candidate_14\attempt_001\experiment_14\final.zip,0.0,0.0,0.0,0.0,0.0,0.0,0.0,0.0,0.0,0.0
1,Fine-Test-DQN,10002,low,9.195652173913043,37.0,1.41,6.0,46,37,23,-36.71124166666667,46,0,0,0,0,0,300.0,14,0.3,0.5,0.5,0.3,0.5,0.5,22,22,150000,10002,low,robustness,True,efddbbf68e4eaf00a57f45cd19c2939df34b7f80b104cecb7abc984d8ab3fd6b,C:\Users\권민우\traffic-control\model\results\reward_fine_search_2026-10-09\runs\multiseed\seed_22\candidate_14\attempt_001\experiment_14\final.zip,0.0,0.0,0.0,0.0,0.0,0.0,0.0,0.0,0.0,0.0
2,Fine-Test-DQN,10003,low,10.41025641025641,42.5,1.3533333333333333,4.0,38,34,22,-35.69326666666669,39,1,0,1,0,0,300.0,14,0.3,0.5,0.5,0.3,0.5,0.5,22,22,150000,10003,low,robustness,True,3d2ae6610053d3e31e6fd6d830f0416134bf994f42f3b028097570d5ea038507,C:\Users\권민우\traffic-control\model\results\reward_fine_search_2026-10-09\runs\multiseed\seed_22\candidate_14\attempt_001\experiment_14\final.zip,0.0,0.0,0.0,0.0,0.0,0.0,0.0,0.0,0.0,0.0
3,Fine-Test-DQN,10004,low,10.621951219512194,42.5,1.4516666666666667,6.0,39,34,26,-35.26685833333332,41,2,0,0,0,0,300.0,14,0.3,0.5,0.5,0.3,0.5,0.5,22,22,150000,10004,low,robustness,True,d335dd2f89d3ebf123e9a41a10cb27747385677099ea89b780d291b54061535b,C:\Users\권민우\traffic-control\model\results\reward_fine_search_2026-10-09\runs\multiseed\seed_22\candidate_14\attempt_001\experiment_14\final.zip,0.0,0.0,0.0,0.0,0.0,0.0,0.0,0.0,0.0,0.0
4,Fine-Test-DQN,10005,low,9.666666666666666,34.5,1.5466666666666666,8.0,48,37,24,-37.79767083333332,48,0,0,0,0,0,300.0,14,0.3,0.5,0.5,0.3,0.5,0.5,22,22,150000,10005,low,robustness,True,fd388a8f63c911371c1cbed327aa358e09a2f9397c72e73a716bcd6406aaf913,C:\Users\권민우\traffic-control\model\results\reward_fine_search_2026-10-09\runs\multiseed\seed_22\candidate_14\attempt_001\experiment_14\final.zip,0.0,0.0,0.0,0.0,0.0,0.0,0.0,0.0,0.0,0.0
5,Fine-Test-DQN,10006,low,9.476190476190476,42.0,1.3266666666666667,5.0,39,36,28,-37.011925,42,3,0,0,0,0,300.0,14,0.3,0.5,0.5,0.3,0.5,0.5,22,22,150000,10006,low,robustness,True,31bf2a8766b43b188c7f2ac22dd54b13f7a4c479f3b1f4127ab9fe7617176340,C:\Users\권민우\traffic-control\model\results\reward_fine_search_2026-10-09\runs\multiseed\seed_22\candidate_14\attempt_001\experiment_14\final.zip,0.0,0.0,0.0,0.0,0.0,0.0,0.0,0.0,0.0,0.0
6,Fine-Test-DQN,10007,low,4.95,18.0,0.495,5.0,30,34,25,-21.876616666666667,30,0,0,0,0,0,300.0,14,0.3,0.5,0.5,0.3,0.5,0.5,22,22,150000,10007,low,robustness,True,4410ac9faaf3031a79fd9431031b4c2a03ce655a88217c6fc578b232b0fe836f,C:\Users\권민우\traffic-control\model\results\reward_fine_search_2026-10-09\runs\multiseed\seed_22\candidate_14\attempt_001\experiment_14\final.zip,0.0,0.0,0.0,0.0,0.0,0.0,0.0,0.0,0.0,0.0
7,Fine-Test-DQN,10008,low,7.892857142857143,26.5,1.105,4.0,41,35,25,-31.309895833333336,42,1,0,1,0,0,300.0,14,0.3,0.5,0.5,0.3,0.5,0.5,22,22,150000,10008,low,robustness,True,425bea774340126381c4cef865c0666cbc68faf072dc0cf3fb4319683aec94a8,C:\Users\권민우\traffic-control\model\results\reward_fine_search_2026-10-09\runs\multiseed\seed_22\candidate_14\attempt_001\experiment_14\final.zip,0.0,0.0,0.0,0.0,0.0,0.0,0.0,0.0,0.0,0.0
8,Fine-Test-DQN,10009,low,12.957142857142857,42.5,1.5116666666666667,6.0,35,37,22,-38.69884999999999,35,0,0,0,0,0,300.0,14,0.3,0.5,0.5,0.3,0.5,0.5,22,22,150000,10009,low,robustness,True,585ccb8fb72a311580d7165ce8bb29c6a9a417769bb04ec53818cc4dfe4a337b,C:\Users\권민우\traffic-control\model\results\reward_fine_search_2026-10-09\runs\multiseed\seed_22\candidate_14\attempt_001\experiment_14\final.zip,0.0,0.0,0.0,0.0,0.0,0.0,0.0,0.0,0.0,0.0
9,Fine-Test-DQN,10010,low,6.911764705882353,50.5,0.7833333333333333,4.0,33,34,28,-27.717170833333334,34,1,0,0,0,0,300.0,14,0.3,0.5,0.5,0.3,0.5,0.5,22,22,150000,10010,low,robustness,True,2bf44805e9a12483db162ba6f58cf46251732005811469b0fb1a817cd19c17d5,C:\Users\권민우\traffic-control\model\results\reward_fine_search_2026-10-09\runs\multiseed\seed_22\candidate_14\attempt_001\experiment_14\final.zip,0.0,0.0,0.0,0.0,0.0,0.0,0.0,0.0,0.0,0.0
0,Fine-Test-DQN,10001,uniform,11.2046783625731,44.0,6.386666666666667,15.0,166,42,12,-72.01237500000005,171,5,0,1,0,0,300.0,14,0.3,0.5,0.5,0.3,0.5,0.5,42,42,150000,10001,uniform,robustness,True,250284bcac1c0baa83063728d6b707b4bdbc074572ec1bdabfbcce49fc8e207f,C:\Users\권민우\traffic-control\model\results\reward_fine_search_2026-10-09\runs\multiseed\seed_42\candidate_14\attempt_001\experiment_14\final.zip,0.0,0.0,0.0,0.0,0.0,0.0,0.0,0.0,0.0,0.0
1,Fine-Test-DQN,10002,uniform,11.278106508875739,41.0,6.3533333333333335,19.0,164,44,15,-72.34745416666675,169,5,0,1,0,0,300.0,14,0.3,0.5,0.5,0.3,0.5,0.5,42,42,150000,10002,uniform,robustness,True,55573a245e323e28dbca8bedd74b3f456eeb567da6cf883f7b3c8ec862264156,C:\Users\권민우\traffic-control\model\results\reward_fine_search_2026-10-09\runs\multiseed\seed_42\candidate_14\attempt_001\experiment_14\final.zip,0.0,0.0,0.0,0.0,0.0,0.0,0.0,0.0,0.0,0.0
2,Fine-Test-DQN,10003,uniform,9.081699346405228,38.0,4.631666666666667,14.0,150,41,13,-59.411491666666684,153,3,0,1,0,0,300.0,14,0.3,0.5,0.5,0.3,0.5,0.5,42,42,150000,10003,uniform,robustness,True,65dd33b1fc94132b1f413e49ed9e857d3629efaaf5af90805afd29083242cfe8,C:\Users\권민우\traffic-control\model\results\reward_fine_search_2026-10-09\runs\multiseed\seed_42\candidate_14\attempt_001\experiment_14\final.zip,0.0,0.0,0.0,0.0,0.0,0.0,0.0,0.0,0.0,0.0
3,Fine-Test-DQN,10004,uniform,9.835365853658537,43.5,5.376666666666667,12.0,159,41,15,-64.01447916666666,164,5,0,1,0,0,300.0,14,0.3,0.5,0.5,0.3,0.5,0.5,42,42,150000,10004,uniform,robustness,True,4d34c960eac4c650d9dbb9b7f0c0865401bd52550596eea686373c6a00f34e65,C:\Users\권민우\traffic-control\model\results\reward_fine_search_2026-10-09\runs\multiseed\seed_42\candidate_14\attempt_001\experiment_14\final.zip,0.0,0.0,0.0,0.0,0.0,0.0,0.0,0.0,0.0,0.0
4,Fine-Test-DQN,10005,uniform,10.104790419161677,48.0,5.625,16.0,164,40,13,-66.39312916666672,167,3,0,2,0,0,300.0,14,0.3,0.5,0.5,0.3,0.5,0.5,42,42,150000,10005,uniform,robustness,True,22c9b6161cc9b6106a56b1c928d073f54f5a945d955d2518e915f9364b6b61ee,C:\Users\권민우\traffic-control\model\results\reward_fine_search_2026-10-09\runs\multiseed\seed_42\candidate_14\attempt_001\experiment_14\final.zip,0.0,0.0,0.0,0.0,0.0,0.0,0.0,0.0,0.0,0.0
5,Fine-Test-DQN,10006,uniform,10.1875,46.0,5.705,16.0,163,42,16,-70.31929999999998,168,5,0,1,0,0,300.0,14,0.3,0.5,0.5,0.3,0.5,0.5,42,42,150000,10006,uniform,robustness,True,08b07fb4ef47d553e47819bc9ed7035f1424b13b6836dec041c25f4da42740d5,C:\Users\권민우\traffic-control\model\results\reward_fine_search_2026-10-09\runs\multiseed\seed_42\candidate_14\attempt_001\experiment_14\final.zip,0.0,0.0,0.0,0.0,0.0,0.0,0.0,0.0,0.0,0.0
6,Fine-Test-DQN,10007,uniform,9.413333333333334,42.0,4.706666666666667,14.0,149,41,17,-59.30250833333336,150,1,0,1,0,0,300.0,14,0.3,0.5,0.5,0.3,0.5,0.5,42,42,150000,10007,uniform,robustness,True,387484d6a900435b2be67102a8d36e9d71698233f471e926a1e5e5bb259cc0ab,C:\Users\권민우\traffic-control\model\results\reward_fine_search_2026-10-09\runs\multiseed\seed_42\candidate_14\attempt_001\experiment_14\final.zip,0.0,0.0,0.0,0.0,0.0,0.0,0.0,0.0,0.0,0.0
7,Fine-Test-DQN,10008,uniform,12.660493827160494,49.0,6.836666666666667,15.0,152,41,20,-77.38287916666668,162,10,0,1,0,0,300.0,14,0.3,0.5,0.5,0.3,0.5,0.5,42,42,150000,10008,uniform,robustness,True,00fe41bbebab4041363e5afcbcc2c23544c54ca6d4c5ae2af198be70507a1873,C:\Users\권민우\traffic-control\model\results\reward_fine_search_2026-10-09\runs\multiseed\seed_42\candidate_14\attempt_001\experiment_14\final.zip,0.0,0.0,0.0,0.0,0.0,0.0,0.0,0.0,0.0,0.0
8,Fine-Test-DQN,10009,uniform,9.96078431372549,40.5,5.08,13.0,148,41,16,-62.85987499999997,153,5,0,1,0,0,300.0,14,0.3,0.5,0.5,0.3,0.5,0.5,42,42,150000,10009,uniform,robustness,True,db755cc5c7534f1f4bba30522edaea6ea6697847fb9264b137731948e7bcf5f5,C:\Users\권민우\traffic-control\model\results\reward_fine_search_2026-10-09\runs\multiseed\seed_42\candidate_14\attempt_001\experiment_14\final.zip,0.0,0.0,0.0,0.0,0.0,0.0,0.0,0.0,0.0,0.0
9,Fine-Test-DQN,10010,uniform,9.163194444444445,39.0,4.398333333333333,13.0,141,43,16,-58.32541666666666,144,3,0,1,0,0,300.0,14,0.3,0.5,0.5,0.3,0.5,0.5,42,42,150000,10010,uniform,robustness,True,47289ed4e11fcea1450b469962f48cc60783b8b96467ce11c53188dff5ccc335,C:\Users\권민우\traffic-control\model\results\reward_fine_search_2026-10-09\runs\multiseed\seed_42\candidate_14\attempt_001\experiment_14\final.zip,0.0,0.0,0.0,0.0,0.0,0.0,0.0,0.0,0.0,0.0
0,Fine-Test-DQN,10001,north_south_congested,14.765350877192983,67.5,11.221666666666666,28.0,212,42,18,-104.91087083333335,228,16,0,2,0,0,300.0,14,0.3,0.5,0.5,0.3,0.5,0.5,42,42,150000,10001,north_south_congested,robustness,True,b63212f274cbe17aaa818cd03254888f3481b3d3ca35ad4e1ae7dc469111da57,C:\Users\권민우\traffic-control\model\results\reward_fine_search_2026-10-09\runs\multiseed\seed_42\candidate_14\attempt_001\experiment_14\final.zip,0.0,0.0,0.0,0.0,0.0,0.0,0.0,0.0,0.0,0.0
1,Fine-Test-DQN,10002,north_south_congested,15.686363636363636,73.0,11.503333333333334,29.0,208,43,23,-109.00627083333333,220,12,0,3,0,0,300.0,14,0.3,0.5,0.5,0.3,0.5,0.5,42,42,150000,10002,north_south_congested,robustness,True,aeb3e85a187bb26697d663058b1c7d1e461868a8c8046149918f92255403feb6,C:\Users\권민우\traffic-control\model\results\reward_fine_search_2026-10-09\runs\multiseed\seed_42\candidate_14\attempt_001\experiment_14\final.zip,0.0,0.0,0.0,0.0,0.0,0.0,0.0,0.0,0.0,0.0
2,Fine-Test-DQN,10003,north_south_congested,13.136574074074074,64.0,9.458333333333334,28.0,204,42,20,-93.64758333333333,216,12,0,2,0,0,300.0,14,0.3,0.5,0.5,0.3,0.5,0.5,42,42,150000,10003,north_south_congested,robustness,True,fe8ca438ed12a37e25efe81a5884e924aacb67d6081c6b6f5dbef8d32120e46b,C:\Users\권민우\traffic-control\model\results\reward_fine_search_2026-10-09\runs\multiseed\seed_42\candidate_14\attempt_001\experiment_14\final.zip,0.0,0.0,0.0,0.0,0.0,0.0,0.0,0.0,0.0,0.0
3,Fine-Test-DQN,10004,north_south_congested,16.621076233183857,69.5,12.355,36.0,202,40,19,-109.95126249999998,223,21,0,1,0,0,300.0,14,0.3,0.5,0.5,0.3,0.5,0.5,42,42,150000,10004,north_south_congested,robustness,True,093eaf3794c8268252a4779442067ccffb67308c2b5d73abc94e7fa49484fcf7,C:\Users\권민우\traffic-control\model\results\reward_fine_search_2026-10-09\runs\multiseed\seed_42\candidate_14\attempt_001\experiment_14\final.zip,0.0,0.0,0.0,0.0,0.0,0.0,0.0,0.0,0.0,0.0
4,Fine-Test-DQN,10005,north_south_congested,16.960416666666667,59.5,13.568333333333333,34.0,222,40,24,-116.0814458333333,240,18,0,2,0,0,300.0,14,0.3,0.5,0.5,0.3,0.5,0.5,42,42,150000,10005,north_south_congested,robustness,True,2c6343f7c2a4fa20267425f76cf4419673a703bf1ecb8caba80e0f5b77cf1d2d,C:\Users\권민우\traffic-control\model\results\reward_fine_search_2026-10-09\runs\multiseed\seed_42\candidate_14\attempt_001\experiment_14\final.zip,0.0,0.0,0.0,0.0,0.0,0.0,0.0,0.0,0.0,0.0
5,Fine-Test-DQN,10006,north_south_congested,16.114349775784753,71.0,11.978333333333333,30.0,198,42,19,-105.130625,223,25,0,2,0,0,300.0,14,0.3,0.5,0.5,0.3,0.5,0.5,42,42,150000,10006,north_south_congested,robustness,True,caa2079e11f2e254e48349aa7f5984771defff387eb55ac7f2223e532b7857a6,C:\Users\권민우\traffic-control\model\results\reward_fine_search_2026-10-09\runs\multiseed\seed_42\candidate_14\attempt_001\experiment_14\final.zip,0.0,0.0,0.0,0.0,0.0,0.0,0.0,0.0,0.0,0.0
6,Fine-Test-DQN,10007,north_south_congested,12.326923076923077,53.5,8.546666666666667,23.0,189,41,19,-87.37190833333328,208,19,0,2,0,0,300.0,14,0.3,0.5,0.5,0.3,0.5,0.5,42,42,150000,10007,north_south_congested,robustness,True,322d6cfc86ba7f3251f383d51648568244eb88651324716318bb6cac9ab74516,C:\Users\권민우\traffic-control\model\results\reward_fine_search_2026-10-09\runs\multiseed\seed_42\candidate_14\attempt_001\experiment_14\final.zip,0.0,0.0,0.0,0.0,0.0,0.0,0.0,0.0,0.0,0.0
7,Fine-Test-DQN,10008,north_south_congested,15.435555555555556,51.0,11.576666666666666,34.0,195,44,19,-101.1822041666666,225,30,0,2,0,0,300.0,14,0.3,0.5,0.5,0.3,0.5,0.5,42,42,150000,10008,north_south_congested,robustness,True,e46c75f7721b4b8a841437c798e7685a5273a5f57eadae1b40054106ecbfde0d,C:\Users\권민우\traffic-control\model\results\reward_fine_search_2026-10-09\runs\multiseed\seed_42\candidate_14\attempt_001\experiment_14\final.zip,0.0,0.0,0.0,0.0,0.0,0.0,0.0,0.0,0.0,0.0
8,Fine-Test-DQN,10009,north_south_congested,13.629807692307692,49.0,9.45,24.0,185,42,18,-89.43567916666676,208,23,0,2,0,0,300.0,14,0.3,0.5,0.5,0.3,0.5,0.5,42,42,150000,10009,north_south_congested,robustness,True,6743307d683389b2bac3311f22c9e702db12878563c8805f04b932dea2f89dd0,C:\Users\권민우\traffic-control\model\results\reward_fine_search_2026-10-09\runs\multiseed\seed_42\candidate_14\attempt_001\experiment_14\final.zip,0.0,0.0,0.0,0.0,0.0,0.0,0.0,0.0,0.0,0.0
9,Fine-Test-DQN,10010,north_south_congested,11.068306010928962,57.0,6.751666666666667,21.0,178,41,21,-75.36968333333338,183,5,0,1,0,0,300.0,14,0.3,0.5,0.5,0.3,0.5,0.5,42,42,150000,10010,north_south_congested,robustness,True,f6717f358c76bdccf915fbbd8b10a60c9726bc0d6149ba67f89bd5bb656b7861,C:\Users\권민우\traffic-control\model\results\reward_fine_search_2026-10-09\runs\multiseed\seed_42\candidate_14\attempt_001\experiment_14\final.zip,0.0,0.0,0.0,0.0,0.0,0.0,0.0,0.0,0.0,0.0
0,Fine-Test-DQN,10001,east_west_congested,11.3,47.5,8.286666666666667,23.0,202,43,16,-81.08420000000001,220,18,0,2,0,0,300.0,14,0.3,0.5,0.5,0.3,0.5,0.5,42,42,150000,10001,east_west_congested,robustness,True,7014ab4e475772715a3e7f6fb839be120bcf4d1dc468ec8d967aa57badcce396,C:\Users\권민우\traffic-control\model\results\reward_fine_search_2026-10-09\runs\multiseed\seed_42\candidate_14\attempt_001\experiment_14\final.zip,0.0,0.0,0.0,0.0,0.0,0.0,0.0,0.0,0.0,0.0
1,Fine-Test-DQN,10002,east_west_congested,12.045045045045045,55.5,8.915,27.0,213,40,17,-89.56720833333334,222,9,0,2,0,0,300.0,14,0.3,0.5,0.5,0.3,0.5,0.5,42,42,150000,10002,east_west_congested,robustness,True,4f97087664eb21e69b1d61ef40e41dfc3f11972bd69e1b5e095d20b6264e91c0,C:\Users\권민우\traffic-control\model\results\reward_fine_search_2026-10-09\runs\multiseed\seed_42\candidate_14\attempt_001\experiment_14\final.zip,0.0,0.0,0.0,0.0,0.0,0.0,0.0,0.0,0.0,0.0
2,Fine-Test-DQN,10003,east_west_congested,14.23409090909091,55.5,10.438333333333333,26.0,208,41,17,-99.52860833333328,220,12,0,2,0,0,300.0,14,0.3,0.5,0.5,0.3,0.5,0.5,42,42,150000,10003,east_west_congested,robustness,True,d82d795e55fee28331c83ba6fd81c86cb2e0a98cbecc12a856208db55e8a8a99,C:\Users\권민우\traffic-control\model\results\reward_fine_search_2026-10-09\runs\multiseed\seed_42\candidate_14\attempt_001\experiment_14\final.zip,0.0,0.0,0.0,0.0,0.0,0.0,0.0,0.0,0.0,0.0
3,Fine-Test-DQN,10004,east_west_congested,13.563348416289593,51.0,9.991666666666667,29.0,201,44,18,-90.59449166666671,221,20,0,1,0,0,300.0,14,0.3,0.5,0.5,0.3,0.5,0.5,42,42,150000,10004,east_west_congested,robustness,True,f423a6bfbd55156b8a59bfbd892ae732364f03bb40ae4f27020c8faa9a97b8d8,C:\Users\권민우\traffic-control\model\results\reward_fine_search_2026-10-09\runs\multiseed\seed_42\candidate_14\attempt_001\experiment_14\final.zip,0.0,0.0,0.0,0.0,0.0,0.0,0.0,0.0,0.0,0.0
4,Fine-Test-DQN,10005,east_west_congested,11.27962085308057,55.0,7.933333333333334,20.0,199,43,14,-82.19524999999999,211,12,0,2,0,0,300.0,14,0.3,0.5,0.5,0.3,0.5,0.5,42,42,150000,10005,east_west_congested,robustness,True,a604bfd40c6a464e1f4b6462aa7ffc73a2ec5a29937c039c641d3fc39378f15f,C:\Users\권민우\traffic-control\model\results\reward_fine_search_2026-10-09\runs\multiseed\seed_42\candidate_14\attempt_001\experiment_14\final.zip,0.0,0.0,0.0,0.0,0.0,0.0,0.0,0.0,0.0,0.0
5,Fine-Test-DQN,10006,east_west_congested,14.165236051502147,63.0,11.001666666666667,30.0,215,42,19,-98.74217083333342,233,18,0,1,0,0,300.0,14,0.3,0.5,0.5,0.3,0.5,0.5,42,42,150000,10006,east_west_congested,robustness,True,a81dc7176cbbc13a10bd5c24219daa61e385d6f586066716005c1f4d45cf1b27,C:\Users\권민우\traffic-control\model\results\reward_fine_search_2026-10-09\runs\multiseed\seed_42\candidate_14\attempt_001\experiment_14\final.zip,0.0,0.0,0.0,0.0,0.0,0.0,0.0,0.0,0.0,0.0
6,Fine-Test-DQN,10007,east_west_congested,16.057291666666668,60.0,10.276666666666667,29.0,179,43,19,-99.20422500000001,192,13,0,1,0,0,300.0,14,0.3,0.5,0.5,0.3,0.5,0.5,42,42,150000,10007,east_west_congested,robustness,True,909d1f7c41790cd2192adf1a0fc2bb55e5aacf50a14f56e5b0dcb15cf5fedea5,C:\Users\권민우\traffic-control\model\results\reward_fine_search_2026-10-09\runs\multiseed\seed_42\candidate_14\attempt_001\experiment_14\final.zip,0.0,0.0,0.0,0.0,0.0,0.0,0.0,0.0,0.0,0.0
7,Fine-Test-DQN,10008,east_west_congested,16.82017543859649,73.5,12.783333333333333,30.0,211,43,17,-114.57361249999994,228,17,0,2,0,0,300.0,14,0.3,0.5,0.5,0.3,0.5,0.5,42,42,150000,10008,east_west_congested,robustness,True,70c5c9184090e54156484a226cb9090397e5a3813116a921e071e84658ae93cb,C:\Users\권민우\traffic-control\model\results\reward_fine_search_2026-10-09\runs\multiseed\seed_42\candidate_14\attempt_001\experiment_14\final.zip,0.0,0.0,0.0,0.0,0.0,0.0,0.0,0.0,0.0,0.0
8,Fine-Test-DQN,10009,east_west_congested,13.90783410138249,73.5,10.06,30.0,195,43,16,-94.42878750000004,217,22,0,1,0,0,300.0,14,0.3,0.5,0.5,0.3,0.5,0.5,42,42,150000,10009,east_west_congested,robustness,True,b4aa553575c58736e884a282b713ebbac0a8bf63e27d6a87f06fc3e198d3ec94,C:\Users\권민우\traffic-control\model\results\reward_fine_search_2026-10-09\runs\multiseed\seed_42\candidate_14\attempt_001\experiment_14\final.zip,0.0,0.0,0.0,0.0,0.0,0.0,0.0,0.0,0.0,0.0
9,Fine-Test-DQN,10010,east_west_congested,10.86,53.0,7.24,28.0,186,42,16,-76.34236250000002,200,14,0,2,0,0,300.0,14,0.3,0.5,0.5,0.3,0.5,0.5,42,42,150000,10010,east_west_congested,robustness,True,775765634a237d75295b9e364938926e699edb07ee8ff4b3b3000ac5334b840a,C:\Users\권민우\traffic-control\model\results\reward_fine_search_2026-10-09\runs\multiseed\seed_42\candidate_14\attempt_001\experiment_14\final.zip,0.0,0.0,0.0,0.0,0.0,0.0,0.0,0.0,0.0,0.0
0,Fine-Test-DQN,10001,left_turn_congested,21.092039800995025,88.0,14.131666666666666,26.0,166,44,19,-131.8022,201,35,0,2,0,0,300.0,14,0.3,0.5,0.5,0.3,0.5,0.5,42,42,150000,10001,left_turn_congested,robustness,True,9d692657ac905564832fb4234e78ff3012608a0677197664e838247108e37658,C:\Users\권민우\traffic-control\model\results\reward_fine_search_2026-10-09\runs\multiseed\seed_42\candidate_14\attempt_001\experiment_14\final.zip,0.0,0.0,0.0,0.0,0.0,0.0,0.0,0.0,0.0,0.0
1,Fine-Test-DQN,10002,left_turn_congested,22.85238095238095,80.0,16.003333333333334,41.0,158,41,19,-130.35818333333333,210,52,4,13,0,0,300.0,14,0.3,0.5,0.5,0.3,0.5,0.5,42,42,150000,10002,left_turn_congested,robustness,True,649bc6bac96016bc9620798b4bac70b112266149ea2a1bad52ffd6012b02ef55,C:\Users\권민우\traffic-control\model\results\reward_fine_search_2026-10-09\runs\multiseed\seed_42\candidate_14\attempt_001\experiment_14\final.zip,0.0,0.0,0.0,0.0,0.0,0.0,0.0,0.0,0.0,0.0
2,Fine-Test-DQN,10003,left_turn_congested,19.502590673575128,74.5,12.546666666666667,29.0,164,39,20,-110.98064166666661,193,29,0,2,0,0,300.0,14,0.3,0.5,0.5,0.3,0.5,0.5,42,42,150000,10003,left_turn_congested,robustness,True,d8a1b939005471a37693a3810a52d12878920a5cd5734fbdce3a131c52a4ee71,C:\Users\권민우\traffic-control\model\results\reward_fine_search_2026-10-09\runs\multiseed\seed_42\candidate_14\attempt_001\experiment_14\final.zip,0.0,0.0,0.0,0.0,0.0,0.0,0.0,0.0,0.0,0.0
3,Fine-Test-DQN,10004,left_turn_congested,21.666666666666668,76.5,15.385,38.0,168,46,21,-133.9850041666667,213,45,15,23,0,0,300.0,14,0.3,0.5,0.5,0.3,0.5,0.5,42,42,150000,10004,left_turn_congested,robustness,True,8a712a2a98cf3ac0b59309de95d0ec1adf9d9d7bdbfa074fcb229014a6a9fff1,C:\Users\권민우\traffic-control\model\results\reward_fine_search_2026-10-09\runs\multiseed\seed_42\candidate_14\attempt_001\experiment_14\final.zip,0.0,0.0,0.0,0.0,0.0,0.0,0.0,0.0,0.0,0.0
4,Fine-Test-DQN,10005,left_turn_congested,20.784688995215312,100.0,14.483333333333333,29.0,164,40,24,-132.09113333333323,209,45,2,12,0,0,300.0,14,0.3,0.5,0.5,0.3,0.5,0.5,42,42,150000,10005,left_turn_congested,robustness,True,838f1262d9750f8946b5eb55581b59eed90b8f5abe82fd661827f5e95508a6ff,C:\Users\권민우\traffic-control\model\results\reward_fine_search_2026-10-09\runs\multiseed\seed_42\candidate_14\attempt_001\experiment_14\final.zip,0.0,0.0,0.0,0.0,0.0,0.0,0.0,0.0,0.0,0.0
5,Fine-Test-DQN,10006,left_turn_congested,18.669082125603865,59.5,12.89,25.0,163,42,23,-113.2854166666666,207,44,0,7,0,0,300.0,14,0.3,0.5,0.5,0.3,0.5,0.5,42,42,150000,10006,left_turn_congested,robustness,True,af28668edc5ee8fca5e8fb747425dbc606b88fe6993f265c437beb9667c52fd3,C:\Users\권민우\traffic-control\model\results\reward_fine_search_2026-10-09\runs\multiseed\seed_42\candidate_14\attempt_001\experiment_14\final.zip,0.0,0.0,0.0,0.0,0.0,0.0,0.0,0.0,0.0,0.0
6,Fine-Test-DQN,10007,left_turn_congested,17.847457627118644,73.0,10.53,22.0,144,43,21,-102.83149166666664,177,33,0,2,0,0,300.0,14,0.3,0.5,0.5,0.3,0.5,0.5,42,42,150000,10007,left_turn_congested,robustness,True,79f84c22e0561d66f21afe5deb594624c98f88f5c784d55b895fa0120aecf5ba,C:\Users\권민우\traffic-control\model\results\reward_fine_search_2026-10-09\runs\multiseed\seed_42\candidate_14\attempt_001\experiment_14\final.zip,0.0,0.0,0.0,0.0,0.0,0.0,0.0,0.0,0.0,0.0
7,Fine-Test-DQN,10008,left_turn_congested,23.61904761904762,74.5,16.535,41.0,157,42,19,-132.44989166666664,210,53,0,6,0,0,300.0,14,0.3,0.5,0.5,0.3,0.5,0.5,42,42,150000,10008,left_turn_congested,robustness,True,e8f84969734f3bca281de12f8edd2eb433228b1602b154af81d1e1047c41c3ad,C:\Users\권민우\traffic-control\model\results\reward_fine_search_2026-10-09\runs\multiseed\seed_42\candidate_14\attempt_001\experiment_14\final.zip,0.0,0.0,0.0,0.0,0.0,0.0,0.0,0.0,0.0,0.0
8,Fine-Test-DQN,10009,left_turn_congested,21.165745856353592,85.5,12.77,28.0,149,43,17,-120.53419999999997,181,32,0,2,0,0,300.0,14,0.3,0.5,0.5,0.3,0.5,0.5,42,42,150000,10009,left_turn_congested,robustness,True,1906daab8c3f9122b4cda71d3f79d7f8939a643ed445af2aa691e843102f4c7b,C:\Users\권민우\traffic-control\model\results\reward_fine_search_2026-10-09\runs\multiseed\seed_42\candidate_14\attempt_001\experiment_14\final.zip,0.0,0.0,0.0,0.0,0.0,0.0,0.0,0.0,0.0,0.0
9,Fine-Test-DQN,10010,left_turn_congested,18.77061855670103,80.5,12.138333333333334,29.0,161,45,19,-118.81798333333322,194,33,0,2,0,0,300.0,14,0.3,0.5,0.5,0.3,0.5,0.5,42,42,150000,10010,left_turn_congested,robustness,True,9eac71beae364a00e2d23f0fd1f20ecaa54446bf1d18fd6e428bff9e2072f460,C:\Users\권민우\traffic-control\model\results\reward_fine_search_2026-10-09\runs\multiseed\seed_42\candidate_14\attempt_001\experiment_14\final.zip,0.0,0.0,0.0,0.0,0.0,0.0,0.0,0.0,0.0,0.0
0,Fine-Test-DQN,10001,heavy,47.888026607538805,151.0,71.99166666666666,155.0,257,38,25,-303.11615833333343,451,194,4,8,0,0,300.0,14,0.3,0.5,0.5,0.3,0.5,0.5,42,42,150000,10001,heavy,robustness,True,b9ba7a28d2f6ad6ae127642a9619ba97941e9964c4008f4462b4c3c95cd2f1f3,C:\Users\권민우\traffic-control\model\results\reward_fine_search_2026-10-09\runs\multiseed\seed_42\candidate_14\attempt_001\experiment_14\final.zip,0.0,0.0,0.0,0.0,0.0,0.0,0.0,0.0,0.0,0.0
1,Fine-Test-DQN,10002,heavy,52.75056179775281,165.0,78.25333333333333,167.0,241,37,23,-310.8049916666665,445,204,16,25,0,0,300.0,14,0.3,0.5,0.5,0.3,0.5,0.5,42,42,150000,10002,heavy,robustness,True,8b67f85c066b9d53aa23b129d57919b5c8065ae9a03065af9c4182aa1412d03b,C:\Users\권민우\traffic-control\model\results\reward_fine_search_2026-10-09\runs\multiseed\seed_42\candidate_14\attempt_001\experiment_14\final.zip,0.0,0.0,0.0,0.0,0.0,0.0,0.0,0.0,0.0,0.0
2,Fine-Test-DQN,10003,heavy,43.135802469135804,148.0,58.233333333333334,130.0,236,39,26,-258.1644916666666,405,169,0,5,0,0,300.0,14,0.3,0.5,0.5,0.3,0.5,0.5,42,42,150000,10003,heavy,robustness,True,3e78aa6a4ee4a4a9362626b66e063fdf5d0f68735f4234c95008a618a912c557,C:\Users\권민우\traffic-control\model\results\reward_fine_search_2026-10-09\runs\multiseed\seed_42\candidate_14\attempt_001\experiment_14\final.zip,0.0,0.0,0.0,0.0,0.0,0.0,0.0,0.0,0.0,0.0
3,Fine-Test-DQN,10004,heavy,42.073019801980195,106.0,56.65833333333333,120.0,245,40,22,-275.4473666666667,404,159,0,2,0,0,300.0,14,0.3,0.5,0.5,0.3,0.5,0.5,42,42,150000,10004,heavy,robustness,True,c5b1eacd1bdb31d37d6172bdb00dc8f652e40094071464b06e1e60ef649db1e7,C:\Users\권민우\traffic-control\model\results\reward_fine_search_2026-10-09\runs\multiseed\seed_42\candidate_14\attempt_001\experiment_14\final.zip,0.0,0.0,0.0,0.0,0.0,0.0,0.0,0.0,0.0,0.0
4,Fine-Test-DQN,10005,heavy,52.07333333333333,148.5,78.11,145.0,258,37,23,-320.95131666666657,450,192,0,4,0,0,300.0,14,0.3,0.5,0.5,0.3,0.5,0.5,42,42,150000,10005,heavy,robustness,True,505d20941a99d9099f694a719c0dfa4290d3f574864d8b8d4a91b8203764025e,C:\Users\권민우\traffic-control\model\results\reward_fine_search_2026-10-09\runs\multiseed\seed_42\candidate_14\attempt_001\experiment_14\final.zip,0.0,0.0,0.0,0.0,0.0,0.0,0.0,0.0,0.0,0.0
5,Fine-Test-DQN,10006,heavy,41.665116279069764,118.5,59.721666666666664,132.0,247,40,25,-276.36070833333343,430,183,0,6,0,0,300.0,14,0.3,0.5,0.5,0.3,0.5,0.5,42,42,150000,10006,heavy,robustness,True,13b4ed6e04308efb520c09636f3d385a80d2115301ca7dbcdf4515415ba6393d,C:\Users\권민우\traffic-control\model\results\reward_fine_search_2026-10-09\runs\multiseed\seed_42\candidate_14\attempt_001\experiment_14\final.zip,0.0,0.0,0.0,0.0,0.0,0.0,0.0,0.0,0.0,0.0
6,Fine-Test-DQN,10007,heavy,41.86027713625866,113.0,60.42,122.0,248,38,23,-262.4898375000001,433,185,0,2,0,0,300.0,14,0.3,0.5,0.5,0.3,0.5,0.5,42,42,150000,10007,heavy,robustness,True,2b1ec7dd42e7b44b78f5065fa1c3cc933af3dc0daf415c2c39f211277768b890,C:\Users\권민우\traffic-control\model\results\reward_fine_search_2026-10-09\runs\multiseed\seed_42\candidate_14\attempt_001\experiment_14\final.zip,0.0,0.0,0.0,0.0,0.0,0.0,0.0,0.0,0.0,0.0
7,Fine-Test-DQN,10008,heavy,39.48759305210918,120.0,53.045,110.0,253,39,24,-255.49875833333348,403,150,0,2,0,0,300.0,14,0.3,0.5,0.5,0.3,0.5,0.5,42,42,150000,10008,heavy,robustness,True,9d27cbf7d7528fd22303a2f8b481317b168d9f562e3bf72ed229957b01b0ee9d,C:\Users\권민우\traffic-control\model\results\reward_fine_search_2026-10-09\runs\multiseed\seed_42\candidate_14\attempt_001\experiment_14\final.zip,0.0,0.0,0.0,0.0,0.0,0.0,0.0,0.0,0.0,0.0
8,Fine-Test-DQN,10009,heavy,39.48550724637681,110.5,54.49,109.0,255,39,19,-264.151875,414,159,0,2,0,0,300.0,14,0.3,0.5,0.5,0.3,0.5,0.5,42,42,150000,10009,heavy,robustness,True,b690d9fbb2cb46d712c236f8305bcfa3eb41ee59b31cd0693f92ab8fe5ed8c10,C:\Users\권민우\traffic-control\model\results\reward_fine_search_2026-10-09\runs\multiseed\seed_42\candidate_14\attempt_001\experiment_14\final.zip,0.0,0.0,0.0,0.0,0.0,0.0,0.0,0.0,0.0,0.0
9,Fine-Test-DQN,10010,heavy,41.81774580335731,114.0,58.126666666666665,131.0,255,42,22,-281.2522125000001,417,162,0,3,0,0,300.0,14,0.3,0.5,0.5,0.3,0.5,0.5,42,42,150000,10010,heavy,robustness,True,9f2c2382a28f6af2e130ed1b58e055e95d66d684db408417d0f5f52ccae84e4c,C:\Users\권민우\traffic-control\model\results\reward_fine_search_2026-10-09\runs\multiseed\seed_42\candidate_14\attempt_001\experiment_14\final.zip,0.0,0.0,0.0,0.0,0.0,0.0,0.0,0.0,0.0,0.0
0,Fine-Test-DQN,10001,low,11.558823529411764,34.5,1.31,5.0,33,36,27,-34.24179166666667,34,1,0,0,0,0,300.0,14,0.3,0.5,0.5,0.3,0.5,0.5,42,42,150000,10001,low,robustness,True,76f24d36a63cf29b67db10bf55ba8be83a526ff1e894718197a14bf70cb37655,C:\Users\권민우\traffic-control\model\results\reward_fine_search_2026-10-09\runs\multiseed\seed_42\candidate_14\attempt_001\experiment_14\final.zip,0.0,0.0,0.0,0.0,0.0,0.0,0.0,0.0,0.0,0.0
1,Fine-Test-DQN,10002,low,13.33695652173913,40.0,2.045,12.0,45,37,20,-44.67029583333334,46,1,0,0,0,0,300.0,14,0.3,0.5,0.5,0.3,0.5,0.5,42,42,150000,10002,low,robustness,True,efddbbf68e4eaf00a57f45cd19c2939df34b7f80b104cecb7abc984d8ab3fd6b,C:\Users\권민우\traffic-control\model\results\reward_fine_search_2026-10-09\runs\multiseed\seed_42\candidate_14\attempt_001\experiment_14\final.zip,0.0,0.0,0.0,0.0,0.0,0.0,0.0,0.0,0.0,0.0
2,Fine-Test-DQN,10003,low,11.705128205128204,35.5,1.5216666666666667,4.0,36,34,25,-37.47861250000002,39,3,0,1,0,0,300.0,14,0.3,0.5,0.5,0.3,0.5,0.5,42,42,150000,10003,low,robustness,True,3d2ae6610053d3e31e6fd6d830f0416134bf994f42f3b028097570d5ea038507,C:\Users\권민우\traffic-control\model\results\reward_fine_search_2026-10-09\runs\multiseed\seed_42\candidate_14\attempt_001\experiment_14\final.zip,0.0,0.0,0.0,0.0,0.0,0.0,0.0,0.0,0.0,0.0
3,Fine-Test-DQN,10004,low,9.207317073170731,45.5,1.2583333333333333,5.0,41,33,27,-33.37628750000001,41,0,0,0,0,0,300.0,14,0.3,0.5,0.5,0.3,0.5,0.5,42,42,150000,10004,low,robustness,True,d335dd2f89d3ebf123e9a41a10cb27747385677099ea89b780d291b54061535b,C:\Users\권민우\traffic-control\model\results\reward_fine_search_2026-10-09\runs\multiseed\seed_42\candidate_14\attempt_001\experiment_14\final.zip,0.0,0.0,0.0,0.0,0.0,0.0,0.0,0.0,0.0,0.0
4,Fine-Test-DQN,10005,low,8.177083333333334,41.5,1.3083333333333333,6.0,48,36,21,-34.57296666666669,48,0,0,0,0,0,300.0,14,0.3,0.5,0.5,0.3,0.5,0.5,42,42,150000,10005,low,robustness,True,fd388a8f63c911371c1cbed327aa358e09a2f9397c72e73a716bcd6406aaf913,C:\Users\권민우\traffic-control\model\results\reward_fine_search_2026-10-09\runs\multiseed\seed_42\candidate_14\attempt_001\experiment_14\final.zip,0.0,0.0,0.0,0.0,0.0,0.0,0.0,0.0,0.0,0.0
5,Fine-Test-DQN,10006,low,8.333333333333334,35.0,1.1666666666666667,4.0,39,35,24,-33.68832916666666,42,3,0,0,0,0,300.0,14,0.3,0.5,0.5,0.3,0.5,0.5,42,42,150000,10006,low,robustness,True,31bf2a8766b43b188c7f2ac22dd54b13f7a4c479f3b1f4127ab9fe7617176340,C:\Users\권민우\traffic-control\model\results\reward_fine_search_2026-10-09\runs\multiseed\seed_42\candidate_14\attempt_001\experiment_14\final.zip,0.0,0.0,0.0,0.0,0.0,0.0,0.0,0.0,0.0,0.0
6,Fine-Test-DQN,10007,low,10.583333333333334,37.5,1.0583333333333333,7.0,30,34,25,-31.095283333333317,30,0,0,0,0,0,300.0,14,0.3,0.5,0.5,0.3,0.5,0.5,42,42,150000,10007,low,robustness,True,4410ac9faaf3031a79fd9431031b4c2a03ce655a88217c6fc578b232b0fe836f,C:\Users\권민우\traffic-control\model\results\reward_fine_search_2026-10-09\runs\multiseed\seed_42\candidate_14\attempt_001\experiment_14\final.zip,0.0,0.0,0.0,0.0,0.0,0.0,0.0,0.0,0.0,0.0
7,Fine-Test-DQN,10008,low,9.297619047619047,30.0,1.3016666666666667,4.0,40,35,26,-33.1463375,42,2,0,1,0,0,300.0,14,0.3,0.5,0.5,0.3,0.5,0.5,42,42,150000,10008,low,robustness,True,425bea774340126381c4cef865c0666cbc68faf072dc0cf3fb4319683aec94a8,C:\Users\권민우\traffic-control\model\results\reward_fine_search_2026-10-09\runs\multiseed\seed_42\candidate_14\attempt_001\experiment_14\final.zip,0.0,0.0,0.0,0.0,0.0,0.0,0.0,0.0,0.0,0.0
8,Fine-Test-DQN,10009,low,7.1,26.0,0.8283333333333334,4.0,35,35,24,-27.61094583333333,35,0,0,0,0,0,300.0,14,0.3,0.5,0.5,0.3,0.5,0.5,42,42,150000,10009,low,robustness,True,585ccb8fb72a311580d7165ce8bb29c6a9a417769bb04ec53818cc4dfe4a337b,C:\Users\권민우\traffic-control\model\results\reward_fine_search_2026-10-09\runs\multiseed\seed_42\candidate_14\attempt_001\experiment_14\final.zip,0.0,0.0,0.0,0.0,0.0,0.0,0.0,0.0,0.0,0.0
9,Fine-Test-DQN,10010,low,7.897058823529412,47.5,0.895,6.0,34,34,26,-31.589929166666675,34,0,0,0,0,0,300.0,14,0.3,0.5,0.5,0.3,0.5,0.5,42,42,150000,10010,low,robustness,True,2bf44805e9a12483db162ba6f58cf46251732005811469b0fb1a817cd19c17d5,C:\Users\권민우\traffic-control\model\results\reward_fine_search_2026-10-09\runs\multiseed\seed_42\candidate_14\attempt_001\experiment_14\final.zip,0.0,0.0,0.0,0.0,0.0,0.0,0.0,0.0,0.0,0.0
0,Fine-Test-DQN,10001,uniform,8.81578947368421,35.0,5.025,13.0,164,44,12,-62.829941666666656,171,7,0,1,0,0,300.0,14,0.3,0.5,0.5,0.3,0.5,0.5,62,62,150000,10001,uniform,robustness,True,250284bcac1c0baa83063728d6b707b4bdbc074572ec1bdabfbcce49fc8e207f,C:\Users\권민우\traffic-control\model\results\reward_fine_search_2026-10-09\runs\multiseed\seed_62\candidate_14\attempt_001\experiment_14\final.zip,0.0,0.0,0.0,0.0,0.0,0.0,0.0,0.0,0.0,0.0
1,Fine-Test-DQN,10002,uniform,10.420118343195266,43.0,5.87,16.0,165,43,15,-66.35982916666667,169,4,0,1,0,0,300.0,14,0.3,0.5,0.5,0.3,0.5,0.5,62,62,150000,10002,uniform,robustness,True,55573a245e323e28dbca8bedd74b3f456eeb567da6cf883f7b3c8ec862264156,C:\Users\권민우\traffic-control\model\results\reward_fine_search_2026-10-09\runs\multiseed\seed_62\candidate_14\attempt_001\experiment_14\final.zip,0.0,0.0,0.0,0.0,0.0,0.0,0.0,0.0,0.0,0.0
2,Fine-Test-DQN,10003,uniform,7.931372549019608,36.0,4.045,11.0,148,45,14,-56.517333333333326,153,5,0,1,0,0,300.0,14,0.3,0.5,0.5,0.3,0.5,0.5,62,62,150000,10003,uniform,robustness,True,65dd33b1fc94132b1f413e49ed9e857d3629efaaf5af90805afd29083242cfe8,C:\Users\권민우\traffic-control\model\results\reward_fine_search_2026-10-09\runs\multiseed\seed_62\candidate_14\attempt_001\experiment_14\final.zip,0.0,0.0,0.0,0.0,0.0,0.0,0.0,0.0,0.0,0.0
3,Fine-Test-DQN,10004,uniform,10.692073170731707,42.5,5.845,15.0,157,43,15,-67.30399999999996,164,7,0,1,0,0,300.0,14,0.3,0.5,0.5,0.3,0.5,0.5,62,62,150000,10004,uniform,robustness,True,4d34c960eac4c650d9dbb9b7f0c0865401bd52550596eea686373c6a00f34e65,C:\Users\권민우\traffic-control\model\results\reward_fine_search_2026-10-09\runs\multiseed\seed_62\candidate_14\attempt_001\experiment_14\final.zip,0.0,0.0,0.0,0.0,0.0,0.0,0.0,0.0,0.0,0.0
4,Fine-Test-DQN,10005,uniform,10.167664670658683,38.0,5.66,14.0,163,47,11,-69.88196666666673,167,4,0,2,0,0,300.0,14,0.3,0.5,0.5,0.3,0.5,0.5,62,62,150000,10005,uniform,robustness,True,22c9b6161cc9b6106a56b1c928d073f54f5a945d955d2518e915f9364b6b61ee,C:\Users\권민우\traffic-control\model\results\reward_fine_search_2026-10-09\runs\multiseed\seed_62\candidate_14\attempt_001\experiment_14\final.zip,0.0,0.0,0.0,0.0,0.0,0.0,0.0,0.0,0.0,0.0
5,Fine-Test-DQN,10006,uniform,8.880952380952381,44.5,4.973333333333334,14.0,165,42,12,-64.32090833333335,168,3,0,1,0,0,300.0,14,0.3,0.5,0.5,0.3,0.5,0.5,62,62,150000,10006,uniform,robustness,True,08b07fb4ef47d553e47819bc9ed7035f1424b13b6836dec041c25f4da42740d5,C:\Users\권민우\traffic-control\model\results\reward_fine_search_2026-10-09\runs\multiseed\seed_62\candidate_14\attempt_001\experiment_14\final.zip,0.0,0.0,0.0,0.0,0.0,0.0,0.0,0.0,0.0,0.0
6,Fine-Test-DQN,10007,uniform,10.163333333333334,44.0,5.081666666666667,17.0,143,45,15,-62.5264166666667,150,7,0,1,0,0,300.0,14,0.3,0.5,0.5,0.3,0.5,0.5,62,62,150000,10007,uniform,robustness,True,387484d6a900435b2be67102a8d36e9d71698233f471e926a1e5e5bb259cc0ab,C:\Users\권민우\traffic-control\model\results\reward_fine_search_2026-10-09\runs\multiseed\seed_62\candidate_14\attempt_001\experiment_14\final.zip,0.0,0.0,0.0,0.0,0.0,0.0,0.0,0.0,0.0,0.0
7,Fine-Test-DQN,10008,uniform,9.86111111111111,46.5,5.325,13.0,158,46,17,-66.75885000000001,162,4,0,1,0,0,300.0,14,0.3,0.5,0.5,0.3,0.5,0.5,62,62,150000,10008,uniform,robustness,True,00fe41bbebab4041363e5afcbcc2c23544c54ca6d4c5ae2af198be70507a1873,C:\Users\권민우\traffic-control\model\results\reward_fine_search_2026-10-09\runs\multiseed\seed_62\candidate_14\attempt_001\experiment_14\final.zip,0.0,0.0,0.0,0.0,0.0,0.0,0.0,0.0,0.0,0.0
8,Fine-Test-DQN,10009,uniform,9.490196078431373,41.0,4.841666666666667,14.0,147,43,17,-60.784383333333345,153,6,0,1,0,0,300.0,14,0.3,0.5,0.5,0.3,0.5,0.5,62,62,150000,10009,uniform,robustness,True,db755cc5c7534f1f4bba30522edaea6ea6697847fb9264b137731948e7bcf5f5,C:\Users\권민우\traffic-control\model\results\reward_fine_search_2026-10-09\runs\multiseed\seed_62\candidate_14\attempt_001\experiment_14\final.zip,0.0,0.0,0.0,0.0,0.0,0.0,0.0,0.0,0.0,0.0
9,Fine-Test-DQN,10010,uniform,9.336805555555555,53.0,4.4816666666666665,14.0,141,42,16,-61.1205,144,3,0,1,0,0,300.0,14,0.3,0.5,0.5,0.3,0.5,0.5,62,62,150000,10010,uniform,robustness,True,47289ed4e11fcea1450b469962f48cc60783b8b96467ce11c53188dff5ccc335,C:\Users\권민우\traffic-control\model\results\reward_fine_search_2026-10-09\runs\multiseed\seed_62\candidate_14\attempt_001\experiment_14\final.zip,0.0,0.0,0.0,0.0,0.0,0.0,0.0,0.0,0.0,0.0
0,Fine-Test-DQN,10001,north_south_congested,11.839912280701755,70.5,8.998333333333333,27.0,215,42,21,-96.52316249999996,228,13,0,1,0,0,300.0,14,0.3,0.5,0.5,0.3,0.5,0.5,62,62,150000,10001,north_south_congested,robustness,True,b63212f274cbe17aaa818cd03254888f3481b3d3ca35ad4e1ae7dc469111da57,C:\Users\권민우\traffic-control\model\results\reward_fine_search_2026-10-09\runs\multiseed\seed_62\candidate_14\attempt_001\experiment_14\final.zip,0.0,0.0,0.0,0.0,0.0,0.0,0.0,0.0,0.0,0.0
1,Fine-Test-DQN,10002,north_south_congested,12.322727272727272,63.0,9.036666666666667,28.0,211,41,19,-87.979625,220,9,0,3,0,0,300.0,14,0.3,0.5,0.5,0.3,0.5,0.5,62,62,150000,10002,north_south_congested,robustness,True,aeb3e85a187bb26697d663058b1c7d1e461868a8c8046149918f92255403feb6,C:\Users\권민우\traffic-control\model\results\reward_fine_search_2026-10-09\runs\multiseed\seed_62\candidate_14\attempt_001\experiment_14\final.zip,0.0,0.0,0.0,0.0,0.0,0.0,0.0,0.0,0.0,0.0
2,Fine-Test-DQN,10003,north_south_congested,13.622685185185185,73.0,9.808333333333334,26.0,201,43,20,-97.56767083333334,216,15,0,2,0,0,300.0,14,0.3,0.5,0.5,0.3,0.5,0.5,62,62,150000,10003,north_south_congested,robustness,True,fe8ca438ed12a37e25efe81a5884e924aacb67d6081c6b6f5dbef8d32120e46b,C:\Users\권민우\traffic-control\model\results\reward_fine_search_2026-10-09\runs\multiseed\seed_62\candidate_14\attempt_001\experiment_14\final.zip,0.0,0.0,0.0,0.0,0.0,0.0,0.0,0.0,0.0,0.0
3,Fine-Test-DQN,10004,north_south_congested,14.679372197309418,76.0,10.911666666666667,31.0,207,44,19,-106.81097916666661,223,16,0,1,0,0,300.0,14,0.3,0.5,0.5,0.3,0.5,0.5,62,62,150000,10004,north_south_congested,robustness,True,093eaf3794c8268252a4779442067ccffb67308c2b5d73abc94e7fa49484fcf7,C:\Users\권민우\traffic-control\model\results\reward_fine_search_2026-10-09\runs\multiseed\seed_62\candidate_14\attempt_001\experiment_14\final.zip,0.0,0.0,0.0,0.0,0.0,0.0,0.0,0.0,0.0,0.0
4,Fine-Test-DQN,10005,north_south_congested,16.0375,58.0,12.83,37.0,216,40,18,-107.54646249999998,240,24,0,2,0,0,300.0,14,0.3,0.5,0.5,0.3,0.5,0.5,62,62,150000,10005,north_south_congested,robustness,True,2c6343f7c2a4fa20267425f76cf4419673a703bf1ecb8caba80e0f5b77cf1d2d,C:\Users\권민우\traffic-control\model\results\reward_fine_search_2026-10-09\runs\multiseed\seed_62\candidate_14\attempt_001\experiment_14\final.zip,0.0,0.0,0.0,0.0,0.0,0.0,0.0,0.0,0.0,0.0
5,Fine-Test-DQN,10006,north_south_congested,16.679372197309416,74.5,12.398333333333333,33.0,195,42,15,-109.75690833333333,223,28,0,2,0,0,300.0,14,0.3,0.5,0.5,0.3,0.5,0.5,62,62,150000,10006,north_south_congested,robustness,True,caa2079e11f2e254e48349aa7f5984771defff387eb55ac7f2223e532b7857a6,C:\Users\권민우\traffic-control\model\results\reward_fine_search_2026-10-09\runs\multiseed\seed_62\candidate_14\attempt_001\experiment_14\final.zip,0.0,0.0,0.0,0.0,0.0,0.0,0.0,0.0,0.0,0.0
6,Fine-Test-DQN,10007,north_south_congested,10.5,56.5,7.281666666666666,30.0,187,45,21,-76.79312499999997,208,21,0,2,0,0,300.0,14,0.3,0.5,0.5,0.3,0.5,0.5,62,62,150000,10007,north_south_congested,robustness,True,322d6cfc86ba7f3251f383d51648568244eb88651324716318bb6cac9ab74516,C:\Users\권민우\traffic-control\model\results\reward_fine_search_2026-10-09\runs\multiseed\seed_62\candidate_14\attempt_001\experiment_14\final.zip,0.0,0.0,0.0,0.0,0.0,0.0,0.0,0.0,0.0,0.0
7,Fine-Test-DQN,10008,north_south_congested,15.68,54.5,11.76,36.0,195,45,20,-105.18576250000002,225,30,0,2,0,0,300.0,14,0.3,0.5,0.5,0.3,0.5,0.5,62,62,150000,10008,north_south_congested,robustness,True,e46c75f7721b4b8a841437c798e7685a5273a5f57eadae1b40054106ecbfde0d,C:\Users\권민우\traffic-control\model\results\reward_fine_search_2026-10-09\runs\multiseed\seed_62\candidate_14\attempt_001\experiment_14\final.zip,0.0,0.0,0.0,0.0,0.0,0.0,0.0,0.0,0.0,0.0
8,Fine-Test-DQN,10009,north_south_congested,13.15625,54.5,9.121666666666666,28.0,194,43,14,-93.1449208333333,208,14,0,2,0,0,300.0,14,0.3,0.5,0.5,0.3,0.5,0.5,62,62,150000,10009,north_south_congested,robustness,True,6743307d683389b2bac3311f22c9e702db12878563c8805f04b932dea2f89dd0,C:\Users\권민우\traffic-control\model\results\reward_fine_search_2026-10-09\runs\multiseed\seed_62\candidate_14\attempt_001\experiment_14\final.zip,0.0,0.0,0.0,0.0,0.0,0.0,0.0,0.0,0.0,0.0
9,Fine-Test-DQN,10010,north_south_congested,8.775956284153006,47.5,5.3533333333333335,17.0,181,43,17,-63.326808333333325,183,2,0,1,0,0,300.0,14,0.3,0.5,0.5,0.3,0.5,0.5,62,62,150000,10010,north_south_congested,robustness,True,f6717f358c76bdccf915fbbd8b10a60c9726bc0d6149ba67f89bd5bb656b7861,C:\Users\권민우\traffic-control\model\results\reward_fine_search_2026-10-09\runs\multiseed\seed_62\candidate_14\attempt_001\experiment_14\final.zip,0.0,0.0,0.0,0.0,0.0,0.0,0.0,0.0,0.0,0.0
0,Fine-Test-DQN,10001,east_west_congested,13.804545454545455,48.0,10.123333333333333,26.0,193,44,20,-91.94800833333336,220,27,0,2,0,0,300.0,14,0.3,0.5,0.5,0.3,0.5,0.5,62,62,150000,10001,east_west_congested,robustness,True,7014ab4e475772715a3e7f6fb839be120bcf4d1dc468ec8d967aa57badcce396,C:\Users\권민우\traffic-control\model\results\reward_fine_search_2026-10-09\runs\multiseed\seed_62\candidate_14\attempt_001\experiment_14\final.zip,0.0,0.0,0.0,0.0,0.0,0.0,0.0,0.0,0.0,0.0
1,Fine-Test-DQN,10002,east_west_congested,12.727477477477477,70.5,9.418333333333333,25.0,206,43,13,-92.23847500000004,222,16,0,2,0,0,300.0,14,0.3,0.5,0.5,0.3,0.5,0.5,62,62,150000,10002,east_west_congested,robustness,True,4f97087664eb21e69b1d61ef40e41dfc3f11972bd69e1b5e095d20b6264e91c0,C:\Users\권민우\traffic-control\model\results\reward_fine_search_2026-10-09\runs\multiseed\seed_62\candidate_14\attempt_001\experiment_14\final.zip,0.0,0.0,0.0,0.0,0.0,0.0,0.0,0.0,0.0,0.0
2,Fine-Test-DQN,10003,east_west_congested,15.718181818181819,50.5,11.526666666666667,29.0,200,42,19,-99.65010833333335,220,20,0,2,0,0,300.0,14,0.3,0.5,0.5,0.3,0.5,0.5,62,62,150000,10003,east_west_congested,robustness,True,d82d795e55fee28331c83ba6fd81c86cb2e0a98cbecc12a856208db55e8a8a99,C:\Users\권민우\traffic-control\model\results\reward_fine_search_2026-10-09\runs\multiseed\seed_62\candidate_14\attempt_001\experiment_14\final.zip,0.0,0.0,0.0,0.0,0.0,0.0,0.0,0.0,0.0,0.0
3,Fine-Test-DQN,10004,east_west_congested,13.502262443438914,56.5,9.946666666666667,27.0,207,44,15,-94.5553875,221,14,0,1,0,0,300.0,14,0.3,0.5,0.5,0.3,0.5,0.5,62,62,150000,10004,east_west_congested,robustness,True,f423a6bfbd55156b8a59bfbd892ae732364f03bb40ae4f27020c8faa9a97b8d8,C:\Users\권민우\traffic-control\model\results\reward_fine_search_2026-10-09\runs\multiseed\seed_62\candidate_14\attempt_001\experiment_14\final.zip,0.0,0.0,0.0,0.0,0.0,0.0,0.0,0.0,0.0,0.0
4,Fine-Test-DQN,10005,east_west_congested,12.158767772511847,42.5,8.551666666666666,22.0,205,42,14,-82.22849999999993,211,6,0,2,0,0,300.0,14,0.3,0.5,0.5,0.3,0.5,0.5,62,62,150000,10005,east_west_congested,robustness,True,a604bfd40c6a464e1f4b6462aa7ffc73a2ec5a29937c039c641d3fc39378f15f,C:\Users\권민우\traffic-control\model\results\reward_fine_search_2026-10-09\runs\multiseed\seed_62\candidate_14\attempt_001\experiment_14\final.zip,0.0,0.0,0.0,0.0,0.0,0.0,0.0,0.0,0.0,0.0
5,Fine-Test-DQN,10006,east_west_congested,17.590128755364805,62.0,13.661666666666667,29.0,206,43,18,-115.7211958333334,233,27,0,1,0,0,300.0,14,0.3,0.5,0.5,0.3,0.5,0.5,62,62,150000,10006,east_west_congested,robustness,True,a81dc7176cbbc13a10bd5c24219daa61e385d6f586066716005c1f4d45cf1b27,C:\Users\권민우\traffic-control\model\results\reward_fine_search_2026-10-09\runs\multiseed\seed_62\candidate_14\attempt_001\experiment_14\final.zip,0.0,0.0,0.0,0.0,0.0,0.0,0.0,0.0,0.0,0.0
6,Fine-Test-DQN,10007,east_west_congested,16.375,57.0,10.48,29.0,182,43,20,-101.41023750000006,192,10,0,1,0,0,300.0,14,0.3,0.5,0.5,0.3,0.5,0.5,62,62,150000,10007,east_west_congested,robustness,True,909d1f7c41790cd2192adf1a0fc2bb55e5aacf50a14f56e5b0dcb15cf5fedea5,C:\Users\권민우\traffic-control\model\results\reward_fine_search_2026-10-09\runs\multiseed\seed_62\candidate_14\attempt_001\experiment_14\final.zip,0.0,0.0,0.0,0.0,0.0,0.0,0.0,0.0,0.0,0.0
7,Fine-Test-DQN,10008,east_west_congested,19.86842105263158,86.0,15.1,33.0,203,44,19,-124.79919166666667,228,25,0,2,0,0,300.0,14,0.3,0.5,0.5,0.3,0.5,0.5,62,62,150000,10008,east_west_congested,robustness,True,70c5c9184090e54156484a226cb9090397e5a3813116a921e071e84658ae93cb,C:\Users\권민우\traffic-control\model\results\reward_fine_search_2026-10-09\runs\multiseed\seed_62\candidate_14\attempt_001\experiment_14\final.zip,0.0,0.0,0.0,0.0,0.0,0.0,0.0,0.0,0.0,0.0
8,Fine-Test-DQN,10009,east_west_congested,11.776497695852534,44.5,8.518333333333333,23.0,202,44,15,-84.99930416666669,217,15,0,1,0,0,300.0,14,0.3,0.5,0.5,0.3,0.5,0.5,62,62,150000,10009,east_west_congested,robustness,True,b4aa553575c58736e884a282b713ebbac0a8bf63e27d6a87f06fc3e198d3ec94,C:\Users\권민우\traffic-control\model\results\reward_fine_search_2026-10-09\runs\multiseed\seed_62\candidate_14\attempt_001\experiment_14\final.zip,0.0,0.0,0.0,0.0,0.0,0.0,0.0,0.0,0.0,0.0
9,Fine-Test-DQN,10010,east_west_congested,12.845,69.5,8.563333333333333,21.0,180,42,21,-90.61495416666668,200,20,0,2,0,0,300.0,14,0.3,0.5,0.5,0.3,0.5,0.5,62,62,150000,10010,east_west_congested,robustness,True,775765634a237d75295b9e364938926e699edb07ee8ff4b3b3000ac5334b840a,C:\Users\권민우\traffic-control\model\results\reward_fine_search_2026-10-09\runs\multiseed\seed_62\candidate_14\attempt_001\experiment_14\final.zip,0.0,0.0,0.0,0.0,0.0,0.0,0.0,0.0,0.0,0.0
0,Fine-Test-DQN,10001,left_turn_congested,18.039800995024876,75.0,12.086666666666666,25.0,166,43,19,-115.09806666666671,201,35,0,2,0,0,300.0,14,0.3,0.5,0.5,0.3,0.5,0.5,62,62,150000,10001,left_turn_congested,robustness,True,9d692657ac905564832fb4234e78ff3012608a0677197664e838247108e37658,C:\Users\권민우\traffic-control\model\results\reward_fine_search_2026-10-09\runs\multiseed\seed_62\candidate_14\attempt_001\experiment_14\final.zip,0.0,0.0,0.0,0.0,0.0,0.0,0.0,0.0,0.0,0.0
1,Fine-Test-DQN,10002,left_turn_congested,22.75,79.5,16.23,36.0,167,42,20,-127.69476666666662,214,47,0,14,0,0,300.0,14,0.3,0.5,0.5,0.3,0.5,0.5,62,62,150000,10002,left_turn_congested,robustness,True,649bc6bac96016bc9620798b4bac70b112266149ea2a1bad52ffd6012b02ef55,C:\Users\권민우\traffic-control\model\results\reward_fine_search_2026-10-09\runs\multiseed\seed_62\candidate_14\attempt_001\experiment_14\final.zip,0.0,0.0,0.0,0.0,0.0,0.0,0.0,0.0,0.0,0.0
2,Fine-Test-DQN,10003,left_turn_congested,16.502590673575128,66.5,10.616666666666667,28.0,158,43,18,-102.15589166666669,193,35,0,2,0,0,300.0,14,0.3,0.5,0.5,0.3,0.5,0.5,62,62,150000,10003,left_turn_congested,robustness,True,d8a1b939005471a37693a3810a52d12878920a5cd5734fbdce3a131c52a4ee71,C:\Users\권민우\traffic-control\model\results\reward_fine_search_2026-10-09\runs\multiseed\seed_62\candidate_14\attempt_001\experiment_14\final.zip,0.0,0.0,0.0,0.0,0.0,0.0,0.0,0.0,0.0,0.0
3,Fine-Test-DQN,10004,left_turn_congested,17.514354066985646,65.5,12.208333333333334,28.0,169,47,20,-111.12072083333341,209,40,19,27,0,0,300.0,14,0.3,0.5,0.5,0.3,0.5,0.5,62,62,150000,10004,left_turn_congested,robustness,True,8a712a2a98cf3ac0b59309de95d0ec1adf9d9d7bdbfa074fcb229014a6a9fff1,C:\Users\권민우\traffic-control\model\results\reward_fine_search_2026-10-09\runs\multiseed\seed_62\candidate_14\attempt_001\experiment_14\final.zip,0.0,0.0,0.0,0.0,0.0,0.0,0.0,0.0,0.0,0.0
4,Fine-Test-DQN,10005,left_turn_congested,17.55223880597015,53.0,11.766666666666667,26.0,162,45,17,-109.22980416666663,201,39,10,21,0,0,300.0,14,0.3,0.5,0.5,0.3,0.5,0.5,62,62,150000,10005,left_turn_congested,robustness,True,838f1262d9750f8946b5eb55581b59eed90b8f5abe82fd661827f5e95508a6ff,C:\Users\권민우\traffic-control\model\results\reward_fine_search_2026-10-09\runs\multiseed\seed_62\candidate_14\attempt_001\experiment_14\final.zip,0.0,0.0,0.0,0.0,0.0,0.0,0.0,0.0,0.0,0.0
5,Fine-Test-DQN,10006,left_turn_congested,18.292270531400966,65.0,12.621666666666666,29.0,157,42,17,-111.37397500000006,207,50,0,7,0,0,300.0,14,0.3,0.5,0.5,0.3,0.5,0.5,62,62,150000,10006,left_turn_congested,robustness,True,af28668edc5ee8fca5e8fb747425dbc606b88fe6993f265c437beb9667c52fd3,C:\Users\권민우\traffic-control\model\results\reward_fine_search_2026-10-09\runs\multiseed\seed_62\candidate_14\attempt_001\experiment_14\final.zip,0.0,0.0,0.0,0.0,0.0,0.0,0.0,0.0,0.0,0.0
6,Fine-Test-DQN,10007,left_turn_congested,21.64406779661017,65.5,12.77,26.0,146,42,19,-115.52115000000006,177,31,0,2,0,0,300.0,14,0.3,0.5,0.5,0.3,0.5,0.5,62,62,150000,10007,left_turn_congested,robustness,True,79f84c22e0561d66f21afe5deb594624c98f88f5c784d55b895fa0120aecf5ba,C:\Users\권민우\traffic-control\model\results\reward_fine_search_2026-10-09\runs\multiseed\seed_62\candidate_14\attempt_001\experiment_14\final.zip,0.0,0.0,0.0,0.0,0.0,0.0,0.0,0.0,0.0,0.0
7,Fine-Test-DQN,10008,left_turn_congested,20.34285714285714,68.5,14.241666666666667,37.0,166,44,19,-119.65485000000007,210,44,0,6,0,0,300.0,14,0.3,0.5,0.5,0.3,0.5,0.5,62,62,150000,10008,left_turn_congested,robustness,True,e8f84969734f3bca281de12f8edd2eb433228b1602b154af81d1e1047c41c3ad,C:\Users\권민우\traffic-control\model\results\reward_fine_search_2026-10-09\runs\multiseed\seed_62\candidate_14\attempt_001\experiment_14\final.zip,0.0,0.0,0.0,0.0,0.0,0.0,0.0,0.0,0.0,0.0
8,Fine-Test-DQN,10009,left_turn_congested,15.168508287292818,60.5,9.151666666666667,21.0,155,44,16,-91.5369625,181,26,0,2,0,0,300.0,14,0.3,0.5,0.5,0.3,0.5,0.5,62,62,150000,10009,left_turn_congested,robustness,True,1906daab8c3f9122b4cda71d3f79d7f8939a643ed445af2aa691e843102f4c7b,C:\Users\권민우\traffic-control\model\results\reward_fine_search_2026-10-09\runs\multiseed\seed_62\candidate_14\attempt_001\experiment_14\final.zip,0.0,0.0,0.0,0.0,0.0,0.0,0.0,0.0,0.0,0.0
9,Fine-Test-DQN,10010,left_turn_congested,17.239690721649485,53.5,11.148333333333333,30.0,169,43,19,-101.01825416666662,194,25,0,2,0,0,300.0,14,0.3,0.5,0.5,0.3,0.5,0.5,62,62,150000,10010,left_turn_congested,robustness,True,9eac71beae364a00e2d23f0fd1f20ecaa54446bf1d18fd6e428bff9e2072f460,C:\Users\권민우\traffic-control\model\results\reward_fine_search_2026-10-09\runs\multiseed\seed_62\candidate_14\attempt_001\experiment_14\final.zip,0.0,0.0,0.0,0.0,0.0,0.0,0.0,0.0,0.0,0.0
0,Fine-Test-DQN,10001,heavy,49.53251121076233,148.5,73.64333333333333,153.0,248,42,23,-312.10910000000007,446,198,9,16,0,0,300.0,14,0.3,0.5,0.5,0.3,0.5,0.5,62,62,150000,10001,heavy,robustness,True,b9ba7a28d2f6ad6ae127642a9619ba97941e9964c4008f4462b4c3c95cd2f1f3,C:\Users\권민우\traffic-control\model\results\reward_fine_search_2026-10-09\runs\multiseed\seed_62\candidate_14\attempt_001\experiment_14\final.zip,0.0,0.0,0.0,0.0,0.0,0.0,0.0,0.0,0.0,0.0
1,Fine-Test-DQN,10002,heavy,44.68322295805739,157.0,67.47833333333334,153.0,248,40,21,-292.6286125,453,205,8,14,0,0,300.0,14,0.3,0.5,0.5,0.3,0.5,0.5,62,62,150000,10002,heavy,robustness,True,8b67f85c066b9d53aa23b129d57919b5c8065ae9a03065af9c4182aa1412d03b,C:\Users\권민우\traffic-control\model\results\reward_fine_search_2026-10-09\runs\multiseed\seed_62\candidate_14\attempt_001\experiment_14\final.zip,0.0,0.0,0.0,0.0,0.0,0.0,0.0,0.0,0.0,0.0
2,Fine-Test-DQN,10003,heavy,35.84320987654321,93.0,48.388333333333335,105.0,253,41,21,-240.54252499999984,405,152,0,3,0,0,300.0,14,0.3,0.5,0.5,0.3,0.5,0.5,62,62,150000,10003,heavy,robustness,True,3e78aa6a4ee4a4a9362626b66e063fdf5d0f68735f4234c95008a618a912c557,C:\Users\권민우\traffic-control\model\results\reward_fine_search_2026-10-09\runs\multiseed\seed_62\candidate_14\attempt_001\experiment_14\final.zip,0.0,0.0,0.0,0.0,0.0,0.0,0.0,0.0,0.0,0.0
3,Fine-Test-DQN,10004,heavy,45.87376237623762,142.5,61.776666666666664,129.0,236,41,22,-307.2284458333331,404,168,0,2,0,0,300.0,14,0.3,0.5,0.5,0.3,0.5,0.5,62,62,150000,10004,heavy,robustness,True,c5b1eacd1bdb31d37d6172bdb00dc8f652e40094071464b06e1e60ef649db1e7,C:\Users\권민우\traffic-control\model\results\reward_fine_search_2026-10-09\runs\multiseed\seed_62\candidate_14\attempt_001\experiment_14\final.zip,0.0,0.0,0.0,0.0,0.0,0.0,0.0,0.0,0.0,0.0
4,Fine-Test-DQN,10005,heavy,47.446666666666665,177.5,71.17,132.0,255,38,23,-324.66569999999984,450,195,0,4,0,0,300.0,14,0.3,0.5,0.5,0.3,0.5,0.5,62,62,150000,10005,heavy,robustness,True,505d20941a99d9099f694a719c0dfa4290d3f574864d8b8d4a91b8203764025e,C:\Users\권민우\traffic-control\model\results\reward_fine_search_2026-10-09\runs\multiseed\seed_62\candidate_14\attempt_001\experiment_14\final.zip,0.0,0.0,0.0,0.0,0.0,0.0,0.0,0.0,0.0,0.0
5,Fine-Test-DQN,10006,heavy,39.83255813953488,120.0,57.093333333333334,118.0,256,41,24,-260.8578500000001,430,174,0,3,0,0,300.0,14,0.3,0.5,0.5,0.3,0.5,0.5,62,62,150000,10006,heavy,robustness,True,13b4ed6e04308efb520c09636f3d385a80d2115301ca7dbcdf4515415ba6393d,C:\Users\권민우\traffic-control\model\results\reward_fine_search_2026-10-09\runs\multiseed\seed_62\candidate_14\attempt_001\experiment_14\final.zip,0.0,0.0,0.0,0.0,0.0,0.0,0.0,0.0,0.0,0.0
6,Fine-Test-DQN,10007,heavy,43.36143187066975,131.5,62.585,134.0,254,41,21,-269.1129208333333,433,179,0,3,0,0,300.0,14,0.3,0.5,0.5,0.3,0.5,0.5,62,62,150000,10007,heavy,robustness,True,2b1ec7dd42e7b44b78f5065fa1c3cc933af3dc0daf415c2c39f211277768b890,C:\Users\권민우\traffic-control\model\results\reward_fine_search_2026-10-09\runs\multiseed\seed_62\candidate_14\attempt_001\experiment_14\final.zip,0.0,0.0,0.0,0.0,0.0,0.0,0.0,0.0,0.0,0.0
7,Fine-Test-DQN,10008,heavy,37.96526054590571,112.0,51.0,103.0,256,41,22,-260.9069916666667,403,147,0,2,0,0,300.0,14,0.3,0.5,0.5,0.3,0.5,0.5,62,62,150000,10008,heavy,robustness,True,9d27cbf7d7528fd22303a2f8b481317b168d9f562e3bf72ed229957b01b0ee9d,C:\Users\권민우\traffic-control\model\results\reward_fine_search_2026-10-09\runs\multiseed\seed_62\candidate_14\attempt_001\experiment_14\final.zip,0.0,0.0,0.0,0.0,0.0,0.0,0.0,0.0,0.0,0.0
8,Fine-Test-DQN,10009,heavy,39.81521739130435,111.0,54.945,124.0,268,39,22,-258.2061958333332,414,146,0,2,0,0,300.0,14,0.3,0.5,0.5,0.3,0.5,0.5,62,62,150000,10009,heavy,robustness,True,b690d9fbb2cb46d712c236f8305bcfa3eb41ee59b31cd0693f92ab8fe5ed8c10,C:\Users\권민우\traffic-control\model\results\reward_fine_search_2026-10-09\runs\multiseed\seed_62\candidate_14\attempt_001\experiment_14\final.zip,0.0,0.0,0.0,0.0,0.0,0.0,0.0,0.0,0.0,0.0
9,Fine-Test-DQN,10010,heavy,42.98081534772182,160.0,59.74333333333333,124.0,260,41,22,-307.6830791666667,417,157,0,3,0,0,300.0,14,0.3,0.5,0.5,0.3,0.5,0.5,62,62,150000,10010,heavy,robustness,True,9f2c2382a28f6af2e130ed1b58e055e95d66d684db408417d0f5f52ccae84e4c,C:\Users\권민우\traffic-control\model\results\reward_fine_search_2026-10-09\runs\multiseed\seed_62\candidate_14\attempt_001\experiment_14\final.zip,0.0,0.0,0.0,0.0,0.0,0.0,0.0,0.0,0.0,0.0
0,Fine-Test-DQN,10001,low,8.573529411764707,38.5,0.9716666666666667,5.0,34,37,26,-31.69899166666668,34,0,0,0,0,0,300.0,14,0.3,0.5,0.5,0.3,0.5,0.5,62,62,150000,10001,low,robustness,True,76f24d36a63cf29b67db10bf55ba8be83a526ff1e894718197a14bf70cb37655,C:\Users\권민우\traffic-control\model\results\reward_fine_search_2026-10-09\runs\multiseed\seed_62\candidate_14\attempt_001\experiment_14\final.zip,0.0,0.0,0.0,0.0,0.0,0.0,0.0,0.0,0.0,0.0
1,Fine-Test-DQN,10002,low,8.945652173913043,42.5,1.3716666666666666,5.0,44,36,22,-38.65874583333334,46,2,0,0,0,0,300.0,14,0.3,0.5,0.5,0.3,0.5,0.5,62,62,150000,10002,low,robustness,True,efddbbf68e4eaf00a57f45cd19c2939df34b7f80b104cecb7abc984d8ab3fd6b,C:\Users\권민우\traffic-control\model\results\reward_fine_search_2026-10-09\runs\multiseed\seed_62\candidate_14\attempt_001\experiment_14\final.zip,0.0,0.0,0.0,0.0,0.0,0.0,0.0,0.0,0.0,0.0
2,Fine-Test-DQN,10003,low,12.025641025641026,38.0,1.5633333333333332,5.0,38,34,19,-39.76593749999999,39,1,0,1,0,0,300.0,14,0.3,0.5,0.5,0.3,0.5,0.5,62,62,150000,10003,low,robustness,True,3d2ae6610053d3e31e6fd6d830f0416134bf994f42f3b028097570d5ea038507,C:\Users\권민우\traffic-control\model\results\reward_fine_search_2026-10-09\runs\multiseed\seed_62\candidate_14\attempt_001\experiment_14\final.zip,0.0,0.0,0.0,0.0,0.0,0.0,0.0,0.0,0.0,0.0
3,Fine-Test-DQN,10004,low,11.109756097560975,39.5,1.5183333333333333,6.0,40,38,19,-38.81865000000001,41,1,0,0,0,0,300.0,14,0.3,0.5,0.5,0.3,0.5,0.5,62,62,150000,10004,low,robustness,True,d335dd2f89d3ebf123e9a41a10cb27747385677099ea89b780d291b54061535b,C:\Users\권민우\traffic-control\model\results\reward_fine_search_2026-10-09\runs\multiseed\seed_62\candidate_14\attempt_001\experiment_14\final.zip,0.0,0.0,0.0,0.0,0.0,0.0,0.0,0.0,0.0,0.0
4,Fine-Test-DQN,10005,low,9.21875,36.5,1.475,6.0,48,37,22,-37.76025833333331,48,0,0,0,0,0,300.0,14,0.3,0.5,0.5,0.3,0.5,0.5,62,62,150000,10005,low,robustness,True,fd388a8f63c911371c1cbed327aa358e09a2f9397c72e73a716bcd6406aaf913,C:\Users\권민우\traffic-control\model\results\reward_fine_search_2026-10-09\runs\multiseed\seed_62\candidate_14\attempt_001\experiment_14\final.zip,0.0,0.0,0.0,0.0,0.0,0.0,0.0,0.0,0.0,0.0
5,Fine-Test-DQN,10006,low,7.869047619047619,26.0,1.1016666666666666,5.0,41,35,24,-29.627883333333326,42,1,0,0,0,0,300.0,14,0.3,0.5,0.5,0.3,0.5,0.5,62,62,150000,10006,low,robustness,True,31bf2a8766b43b188c7f2ac22dd54b13f7a4c479f3b1f4127ab9fe7617176340,C:\Users\권민우\traffic-control\model\results\reward_fine_search_2026-10-09\runs\multiseed\seed_62\candidate_14\attempt_001\experiment_14\final.zip,0.0,0.0,0.0,0.0,0.0,0.0,0.0,0.0,0.0,0.0
6,Fine-Test-DQN,10007,low,9.55,31.0,0.955,5.0,29,35,24,-31.647425000000005,30,1,0,0,0,0,300.0,14,0.3,0.5,0.5,0.3,0.5,0.5,62,62,150000,10007,low,robustness,True,4410ac9faaf3031a79fd9431031b4c2a03ce655a88217c6fc578b232b0fe836f,C:\Users\권민우\traffic-control\model\results\reward_fine_search_2026-10-09\runs\multiseed\seed_62\candidate_14\attempt_001\experiment_14\final.zip,0.0,0.0,0.0,0.0,0.0,0.0,0.0,0.0,0.0,0.0
7,Fine-Test-DQN,10008,low,8.464285714285714,35.0,1.185,5.0,40,38,24,-33.722216666666675,42,2,0,1,0,0,300.0,14,0.3,0.5,0.5,0.3,0.5,0.5,62,62,150000,10008,low,robustness,True,425bea774340126381c4cef865c0666cbc68faf072dc0cf3fb4319683aec94a8,C:\Users\권민우\traffic-control\model\results\reward_fine_search_2026-10-09\runs\multiseed\seed_62\candidate_14\attempt_001\experiment_14\final.zip,0.0,0.0,0.0,0.0,0.0,0.0,0.0,0.0,0.0,0.0
8,Fine-Test-DQN,10009,low,8.985714285714286,38.0,1.0483333333333333,5.0,35,38,24,-32.192475,35,0,0,0,0,0,300.0,14,0.3,0.5,0.5,0.3,0.5,0.5,62,62,150000,10009,low,robustness,True,585ccb8fb72a311580d7165ce8bb29c6a9a417769bb04ec53818cc4dfe4a337b,C:\Users\권민우\traffic-control\model\results\reward_fine_search_2026-10-09\runs\multiseed\seed_62\candidate_14\attempt_001\experiment_14\final.zip,0.0,0.0,0.0,0.0,0.0,0.0,0.0,0.0,0.0,0.0
9,Fine-Test-DQN,10010,low,8.102941176470589,34.5,0.9183333333333333,4.0,33,37,22,-31.704916666666648,34,1,0,0,0,0,300.0,14,0.3,0.5,0.5,0.3,0.5,0.5,62,62,150000,10010,low,robustness,True,2bf44805e9a12483db162ba6f58cf46251732005811469b0fb1a817cd19c17d5,C:\Users\권민우\traffic-control\model\results\reward_fine_search_2026-10-09\runs\multiseed\seed_62\candidate_14\attempt_001\experiment_14\final.zip,0.0,0.0,0.0,0.0,0.0,0.0,0.0,0.0,0.0,0.0
