episode,controller,seed,traffic_scenario,avg_waiting_time,max_waiting_time,avg_queue,max_queue,throughput,phase_changes,forced_changes,episode_reward,departed,unfinished,pending,max_pending,collisions,teleports,duration,policy_id,route_sha256,demanded
0,Comparison-delay_h0_a0.75_m0.1,31001,random,12.947916666666666,39.5,6.215,20.0,127,55,18,-72.66155000000002,144,17,0,2,0,0,300.0,delay_h0_a0.75_m0.1,41e3a0f691cff094e451824775803133135dd6e51f45ec48eaed71b39bf9d4bb,144
1,Comparison-delay_h0_a0.75_m0.1,31002,random,8.395522388059701,37.5,3.75,13.0,131,56,12,-57.51122083333329,134,3,0,1,0,0,300.0,delay_h0_a0.75_m0.1,794f8ee5c8b369e47368008a53c86a9ff522f30309e507c35af15d8b6eca34ef,134
2,Comparison-delay_h0_a0.75_m0.1,31003,random,24.880841121495326,91.5,17.748333333333335,47.0,162,55,9,-146.56125416666666,214,52,0,2,0,0,300.0,delay_h0_a0.75_m0.1,1d3abdf1653057b85185a2eb61e382bebb70ebfb64b6d6b74115ad7fdb529557,214
3,Comparison-delay_h0_a0.75_m0.1,31004,random,22.084,62.0,18.403333333333332,54.0,172,56,17,-133.09040833333333,250,78,0,2,0,0,300.0,delay_h0_a0.75_m0.1,44d1f4ccbbf6a54c8444dc13607eab022f40295c75a994d741192db1680e7190,250
4,Comparison-delay_h0_a0.75_m0.1,31005,random,30.48917748917749,112.0,23.476666666666667,53.0,172,53,11,-174.36599583333333,231,59,0,2,0,0,300.0,delay_h0_a0.75_m0.1,6ece2d743bc2e6b0b4766d42daaae1e40c8fedec8f1dbb8f8cc6ce6d4c7ae251,231
5,Comparison-delay_h0_a0.75_m0.1,31006,random,28.08300395256917,65.0,23.683333333333334,61.0,182,55,16,-159.2237916666666,253,71,0,2,0,0,300.0,delay_h0_a0.75_m0.1,3adb5f97c55c502e3c768bb988b160a02c3139564bf193f14f44f8d76a4313f5,253
6,Comparison-delay_h0_a0.75_m0.1,31007,random,30.18371212121212,85.0,26.561666666666667,56.0,189,54,12,-181.1098583333334,264,75,0,2,0,0,300.0,delay_h0_a0.75_m0.1,c597c65853f90a84ac8badf9c343411f07e4e0095ef347e4c5e9dfea35185ae5,264
7,Comparison-delay_h0_a0.75_m0.1,31008,random,30.93877551020408,85.5,25.266666666666666,54.0,180,54,12,-188.6359041666666,245,65,0,2,0,0,300.0,delay_h0_a0.75_m0.1,ec6d1acd30b01a9dc983618ff8310e021c1147c7d9413ebb13ee05bbe85bcc73,245
8,Comparison-delay_h0_a0.75_m0.1,31101,uniform,12.672727272727272,53.0,6.97,19.0,149,56,15,-78.26251666666664,165,16,0,1,0,0,300.0,delay_h0_a0.75_m0.1,875da75213c5439e269ca1ca3d57e58f0c0817c21eb8649ab157cdf1ac67747a,165
9,Comparison-delay_h0_a0.75_m0.1,31102,uniform,11.006944444444445,39.5,5.283333333333333,15.0,137,58,9,-69.85137499999999,144,7,0,1,0,0,300.0,delay_h0_a0.75_m0.1,7d600c82ac883f273623ab04ea255bbf57d1dd379f48d4ace478822f134618c5,144
10,Comparison-delay_h0_a0.75_m0.1,31101,north_south_congested,18.711981566820278,62.0,13.535,45.0,174,53,15,-118.03612083333344,217,43,0,2,0,0,300.0,delay_h0_a0.75_m0.1,90271a7b41e80d09a904191f0938d29409e8711cb514ce12fb3728d2a9710cd4,217
11,Comparison-delay_h0_a0.75_m0.1,31102,north_south_congested,24.158653846153847,61.0,16.75,52.0,168,54,15,-135.15469166666665,208,40,0,2,0,0,300.0,delay_h0_a0.75_m0.1,97848aebb0dd20a7cb07d793f84051e71a81acb67808bd2b770676ca1684c1b2,208
12,Comparison-delay_h0_a0.75_m0.1,31101,east_west_congested,23.860169491525422,72.5,18.77,49.0,184,53,16,-145.4432083333333,236,52,0,2,0,0,300.0,delay_h0_a0.75_m0.1,e71a3d66d513c1b7f6cfdd814a94edee71cc3bc1916301c009782d7e6df7454d,236
13,Comparison-delay_h0_a0.75_m0.1,31102,east_west_congested,16.752475247524753,53.5,11.28,34.0,155,56,17,-103.23929166666669,202,47,0,3,0,0,300.0,delay_h0_a0.75_m0.1,e7dda735a0c8e873bc55d9426684930a9f8990767466871055c9815a3404533b,202
14,Comparison-delay_h0_a0.75_m0.1,31101,left_turn_congested,23.597883597883598,71.5,14.866666666666667,31.0,137,54,9,-131.83056250000007,189,52,0,3,0,0,300.0,delay_h0_a0.75_m0.1,bb47fafb8d1d67f4b786891a34cb96c83118db06f76364e77e2f02a72b0075a4,189
15,Comparison-delay_h0_a0.75_m0.1,31102,left_turn_congested,23.02659574468085,80.5,14.43,31.0,146,53,10,-129.38468750000004,188,42,0,2,0,0,300.0,delay_h0_a0.75_m0.1,d3642f4cacec38dd8395787b14e675af6ad7690b86cc24fad7a367fbd3eda5b3,188
16,Comparison-delay_h0_a0.75_m0.1,31101,heavy,43.752262443438916,139.5,64.46166666666667,140.0,237,50,15,-308.84457500000013,442,205,0,3,0,0,300.0,delay_h0_a0.75_m0.1,4eb52717cbab0331bd6755225653340c9da4c7c9bb8af3c0200d4045acccc18d,442
17,Comparison-delay_h0_a0.75_m0.1,31102,heavy,44.03467561521253,127.0,65.61333333333333,120.0,230,47,17,-318.6760416666669,447,217,0,5,0,0,300.0,delay_h0_a0.75_m0.1,4dfc564746f87ace4800472caa0eb40ed82fca7c6e9b7bd1353207b6acbbfb4a,447
18,Comparison-delay_h0_a0.75_m0.1,31101,low,1.9268292682926829,16.0,0.2633333333333333,3.0,41,42,13,-23.868104166666665,41,0,0,0,0,0,300.0,delay_h0_a0.75_m0.1,4016b8f38b94205cc8c2bc60e06b220976b4e9938adf628feea29a42d7148eea,41
19,Comparison-delay_h0_a0.75_m0.1,31102,low,1.5952380952380953,8.5,0.22333333333333333,2.0,42,43,13,-23.15653333333333,42,0,0,1,0,0,300.0,delay_h0_a0.75_m0.1,d6890b2860b574db6f0e4bd713d0166e027ce7a1bfdeb91d7502fcdbec6b349a,42
