status,timesteps,total_timesteps,elapsed_seconds,steps_per_second
TRAINING,1,50000,0.5499499999932596,1.8183471224879653
TRAINING,1000,50000,6.858354699994379,145.8075651877293
TRAINING,2000,50000,12.62639909999416,158.3982879173307
TRAINING,3000,50000,19.164410299999872,156.54016758345128
TRAINING,4000,50000,25.88850729999831,154.5087151471364
TRAINING,5000,50000,32.3769633999982,154.43078889851287
TRAINING,6000,50000,39.21508489999542,153.0023462986485
TRAINING,7000,50000,45.6991160999969,153.17582914914354
TRAINING,8000,50000,51.939495099999476,154.02537095513816
TRAINING,9000,50000,59.30354099999386,151.76159548383345
TRAINING,10000,50000,65.6109679000001,152.41354182186944
TRAINING,11000,50000,71.81081189999531,153.1802761862482
TRAINING,12000,50000,78.8186382999993,152.24825319013544
TRAINING,13000,50000,85.18787769999471,152.6038721821662
TRAINING,14000,50000,91.87344250000024,152.3835356446991
TRAINING,15000,50000,98.19391489999543,152.75895675690896
TRAINING,16000,50000,103.80730079999921,154.13174099215306
TRAINING,17000,50000,109.74049499999819,154.9109105075595
TRAINING,18000,50000,116.35145689999626,154.70369241247187
TRAINING,19000,50000,122.06549699999596,155.65414033418983
TRAINING,20000,50000,127.99829419999878,156.25208230314206
TRAINING,21000,50000,134.56552249999368,156.05780447960575
TRAINING,22000,50000,140.74119159999827,156.31528872177228
TRAINING,23000,50000,147.90156389999902,155.50883569798515
TRAINING,24000,50000,155.23499449999508,154.6043150727896
TRAINING,25000,50000,161.42303879999963,154.8725645722391
TRAINING,26000,50000,166.73116739999386,155.93965066906236
TRAINING,27000,50000,174.02905309999915,155.14650869522046
TRAINING,28000,50000,179.7606275999933,155.7626960577047
TRAINING,29000,50000,186.29721140000038,155.66523933487036
TRAINING,30000,50000,193.3769250999976,155.1374342336172
TRAINING,31000,50000,199.25813259999995,155.57708784830803
TRAINING,32000,50000,205.77744849999726,155.50780823293388
TRAINING,33000,50000,212.89975649999542,155.0025258013891
TRAINING,34000,50000,218.43403379999654,155.6533998320574
TRAINING,35000,50000,224.87595149999834,155.64136479040204
TRAINING,36000,50000,231.44532829999662,155.5442931789802
TRAINING,37000,50000,236.96048309999605,156.1441786240206
TRAINING,38000,50000,243.43425049999496,156.09964465538832
TRAINING,39000,50000,250.22293340000033,155.86101349733417
TRAINING,40000,50000,256.25594669999555,156.09393856068783
TRAINING,41000,50000,262.37702849999914,156.2636799204399
TRAINING,42000,50000,269.23752359999344,155.99608642367198
TRAINING,43000,50000,275.18094149999524,156.26082157292402
TRAINING,44000,50000,281.19395729999815,156.47562423632598
TRAINING,45000,50000,287.6928693999944,156.41680690192624
TRAINING,46000,50000,293.6140888999944,156.66823132478396
TRAINING,47000,50000,299.96400549999817,156.68546605002675
TRAINING,48000,50000,307.0661065999957,156.31813140005036
TRAINING,49000,50000,312.90376869999454,156.59766644415254
TRAINING,50000,50000,319.56540959999984,156.46249092661506
