scenario,controller,candidate_id,evaluation_episodes,avg_waiting_time,avg_waiting_time_std,max_waiting_time,max_waiting_time_std,avg_queue,avg_queue_std,phase_changes,phase_changes_std,throughput,throughput_std,max_queue,max_queue_std,departed,departed_std,unfinished,unfinished_std,pending,pending_std,max_pending,max_pending_std,forced_changes,forced_changes_std,duration,duration_std,episode_reward,episode_reward_std,maximum_waiting_worst_episode,maximum_pending_worst_episode,collisions_total,teleports_total
east_west_congested,experiment_1,1,2,16.573664886515353,3.983163652661176,71.0,9.192388155425117,11.730833333333333,2.9710269922854766,45.0,1.4142135623730951,188.0,11.313708498984761,28.5,4.949747468305833,212.0,2.8284271247461903,24.0,14.142135623730951,0.0,0.0,2.0,0.0,20.0,0.0,300.0,0.0,-62.55673541666666,11.218405236272092,77.5,2,0,0
east_west_congested,experiment_4,4,2,15.617033822874944,4.6394481173539,62.75,14.495689014324224,11.014166666666668,3.1313045293544275,44.0,0.0,194.5,6.363961030678928,29.5,10.606601717798213,212.0,2.8284271247461903,17.5,3.5355339059327378,0.0,0.0,2.0,0.0,19.5,3.5355339059327378,300.0,0.0,-103.98907916666664,21.964044771199344,73.0,2,0,0
east_west_congested,fixed_time,,2,23.843324432576768,4.090456957977399,82.0,5.656854249492381,16.83083333333333,2.6669710763752605,40.0,0.0,176.5,4.949747468305833,48.0,7.0710678118654755,212.0,2.8284271247461903,35.5,2.1213203435596424,0.0,0.0,2.0,0.0,0.0,0.0,300.0,0.0,-74.31620416666664,2.33954528134681,86.0,2,0,0
heavy,experiment_1,1,2,41.59111291163968,3.7180064928400407,164.75,8.838834764831844,58.873333333333335,5.751135153650586,41.5,2.1213203435596424,258.0,24.041630560342615,117.5,4.949747468305833,424.5,3.5355339059327378,166.5,27.577164466275352,0.0,0.0,3.0,1.4142135623730951,25.5,2.1213203435596424,300.0,0.0,-197.95275833333335,13.068500042516337,171.0,4,0,0
heavy,experiment_4,4,2,42.24047970520661,8.15512764032762,115.75,15.90990257669732,59.81916666666666,12.03849294970097,41.5,0.7071067811865476,250.5,3.5355339059327378,137.5,7.7781745930520225,424.5,3.5355339059327378,174.0,7.0710678118654755,0.0,0.0,4.0,2.8284271247461903,24.5,0.7071067811865476,300.0,0.0,-282.96413958333335,22.692108429613263,127.0,6,0,0
heavy,fixed_time,,2,36.02424747771846,3.511178720757678,104.5,10.606601717798213,50.995,5.392867717849401,40.0,0.0,284.0,1.4142135623730951,104.0,1.4142135623730951,424.5,3.5355339059327378,140.5,2.1213203435596424,0.0,0.0,3.0,1.4142135623730951,0.0,0.0,300.0,0.0,-167.88975833333336,14.383577234167063,112.0,4,0,0
left_turn_congested,experiment_1,1,2,26.882741644272755,5.875175249608269,118.25,39.95153313703994,19.7275,5.608535286111298,44.0,1.4142135623730951,164.5,3.5355339059327378,40.5,10.606601717798213,218.5,14.849242404917497,54.0,11.313708498984761,0.0,0.0,5.0,1.4142135623730951,22.5,2.1213203435596424,300.0,0.0,-94.45487291666669,18.67092180124868,146.5,6,0,0
left_turn_congested,experiment_4,4,2,21.372272200944153,3.5539878372489966,70.25,15.90990257669732,15.1575,3.1171623937306983,46.5,2.1213203435596424,165.0,4.242640687119285,34.0,9.899494936611665,212.0,8.48528137423857,47.0,4.242640687119285,6.5,6.363961030678928,13.5,6.363961030678928,21.0,0.0,300.0,0.0,-134.86135625000003,22.726473819179006,81.5,18,0,0
left_turn_congested,fixed_time,,2,28.259204160619255,0.7074317697894142,159.5,7.7781745930520225,19.185000000000002,1.6098464385013738,40.0,0.0,167.0,11.313708498984761,41.5,2.1213203435596424,203.5,12.020815280171307,36.5,0.7071067811865476,15.0,2.8284271247461903,19.5,2.1213203435596424,0.0,0.0,300.0,0.0,-82.72056458333336,6.282375639521292,165.0,21,0,0
low,experiment_1,1,2,9.384615384615385,4.133855028475201,43.75,2.4748737341529163,1.22,0.5374011537017762,43.5,3.5355339059327378,38.0,0.0,6.5,0.7071067811865476,39.0,0.0,1.0,0.0,0.0,0.0,0.0,0.0,21.5,0.7071067811865476,300.0,0.0,-15.877645833333332,2.3413425110823503,45.5,0,0,0
low,experiment_4,4,2,9.442307692307693,0.1359820733051048,38.25,3.8890872965260113,1.2283333333333335,0.018856180831641232,37.0,0.0,39.0,0.0,4.5,0.7071067811865476,39.0,0.0,0.0,0.0,0.0,0.0,0.0,0.0,24.0,1.4142135623730951,300.0,0.0,-35.408212500000005,0.16591082109242977,41.0,0,0,0
low,fixed_time,,2,10.942307692307692,0.3898152768079684,39.25,1.0606601717798212,1.4224999999999999,0.05067598598503582,40.0,0.0,39.0,0.0,5.0,1.4142135623730951,39.0,0.0,0.0,0.0,0.0,0.0,0.0,0.0,0.0,0.0,300.0,0.0,-16.271024999999995,0.19045921151260112,40.0,0,0,0
north_south_congested,experiment_1,1,2,17.26888900827334,0.9218067976209585,70.0,4.242640687119285,12.4575,1.5591704525163372,47.5,4.949747468305833,190.5,10.606601717798213,31.0,4.242640687119285,216.0,15.556349186104045,25.5,4.949747468305833,0.0,0.0,2.0,0.0,22.5,0.7071067811865476,300.0,0.0,-66.07760625,6.231346100145667,73.0,2,0,0
north_south_congested,experiment_4,4,2,16.730498549478888,3.016429244660889,56.0,10.606601717798213,12.124166666666667,3.039380647800177,47.0,0.0,183.5,0.7071067811865476,31.5,9.192388155425117,216.0,15.556349186104045,32.5,16.263455967290593,0.0,0.0,2.0,0.0,21.5,2.1213203435596424,300.0,0.0,-106.0177625,14.260416910554033,63.5,2,0,0
north_south_congested,fixed_time,,2,24.52292897818846,5.020116255319369,87.5,3.5355339059327378,17.7875,4.88728636930102,40.0,0.0,185.0,0.0,54.5,17.67766952966369,216.0,15.556349186104045,31.0,15.556349186104045,0.0,0.0,2.0,0.0,0.0,0.0,300.0,0.0,-75.82088750000003,4.683462839624022,90.0,2,0,0
uniform,experiment_1,1,2,11.018637971224178,0.908209632125645,49.0,2.8284271247461903,5.788333333333334,0.3252691193458118,46.0,1.4142135623730951,151.5,17.67766952966369,13.0,1.4142135623730951,158.5,21.920310216782973,7.0,4.242640687119285,0.0,0.0,1.5,0.7071067811865476,13.0,0.0,300.0,0.0,-36.88941875000002,1.272865863092172,51.0,2,0,0
uniform,experiment_4,4,2,11.189052326983361,3.219407556205257,54.0,1.4142135623730951,6.029166666666667,2.5184786523260865,44.5,0.7071067811865476,151.0,16.97056274847714,16.0,8.48528137423857,158.5,21.920310216782973,7.5,4.949747468305833,0.0,0.0,1.5,0.7071067811865476,18.0,1.4142135623730951,300.0,0.0,-73.16275624999997,17.344100744473646,55.0,2,0,0
uniform,fixed_time,,2,10.678834096937546,0.8808995438401246,43.5,0.0,5.674166666666666,1.2456864461903012,40.0,0.0,153.5,20.506096654409877,16.5,4.949747468305833,158.5,21.920310216782973,5.0,1.4142135623730951,0.0,0.0,1.5,0.7071067811865476,0.0,0.0,300.0,0.0,-35.18558749999999,5.410586635274612,43.5,2,0,0
