time,phase,stage,elapsed,action,queue_0,queue_1,queue_2,queue_3,queue_4,queue_5,queue_6,queue_7,reward,accepted,switch_reason
0.0,0,green,0.0,0,0,0,0,0,0,0,0,0,0.0,False,initial
1.0,0,green,1.0,0,0,0,0,0,0,0,0,0,0.0,False,initial
2.0,0,green,2.0,0,0,0,0,0,0,0,0,0,0.0,False,initial
3.0,0,green,3.0,0,0,0,0,0,0,0,0,0,0.0,False,initial
4.0,0,green,4.0,0,0,0,0,0,0,0,0,0,0.0,False,initial
5.0,0,green,5.0,0,0,0,0,0,0,0,0,0,0.0,False,initial
6.0,0,green,6.0,0,0,0,0,0,0,0,0,0,0.0,False,initial
7.0,0,green,7.0,0,0,0,0,0,0,0,0,0,0.0,False,initial
8.0,0,green,8.0,0,0,0,0,0,0,0,0,0,0.0,False,initial
9.0,0,green,9.0,0,0,0,0,0,0,0,0,0,0.0,False,initial
10.0,0,green,10.0,2,0,0,0,0,0,0,0,0,-0.2,True,policy
11.0,0,all_red,0.0,1,0,0,0,0,0,0,0,0,0.0,False,policy
12.0,2,green,0.0,3,0,0,0,0,0,0,0,0,0.0,False,policy
13.0,2,green,1.0,3,0,0,0,0,0,0,0,0,0.0,False,policy
14.0,2,green,2.0,1,0,0,0,0,0,0,0,0,0.0,False,policy
15.0,2,green,3.0,1,0,0,0,0,0,0,0,0,-0.2,True,policy
16.0,2,all_red,0.0,0,0,0,0,0,0,0,0,0,0.0,False,policy
17.0,1,green,0.0,1,0,0,0,0,0,0,0,0,0.0,False,policy
18.0,1,green,1.0,1,0,0,0,0,0,0,0,0,0.0,False,policy
19.0,1,green,2.0,1,0,0,0,0,0,0,0,0,0.0,False,policy
20.0,1,green,3.0,0,0,0,0,0,0,0,0,0,-0.2,True,policy
21.0,1,all_red,0.0,1,0,0,0,0,0,0,0,0,0.0,False,policy
22.0,0,green,0.0,3,0,0,0,0,0,0,0,0,0.0,False,policy
23.0,0,green,1.0,0,0,0,0,0,0,0,0,0,0.0,False,policy
24.0,0,green,2.0,0,0,0,0,0,0,0,0,0,0.0,False,policy
25.0,0,green,3.0,0,0,0,0,0,0,0,0,0,0.0,False,policy
26.0,0,green,4.0,0,0,0,0,0,0,0,0,0,-0.00419166676729219,False,policy
27.0,0,green,5.0,0,0,0,0,0,1,1,0,0,-0.01474583386152517,False,policy
28.0,0,green,6.0,0,0,0,0,0,1,1,1,0,-0.019062500735162757,False,policy
29.0,0,green,7.0,2,0,0,0,0,1,1,1,0,-0.2233791671693325,True,policy
30.0,0,all_red,0.0,1,0,0,0,0,1,1,1,0,-0.03402083414839581,False,policy
31.0,2,green,0.0,3,0,0,0,0,2,1,2,0,-0.03516250073444098,False,policy
32.0,2,green,1.0,3,0,0,0,0,2,0,2,0,-0.04257916698697954,False,policy
33.0,2,green,2.0,3,1,0,0,0,2,0,2,0,-0.05015833416255191,False,policy
34.0,2,green,3.0,3,1,0,0,1,2,0,2,0,-0.2562000018311665,True,policy
35.0,2,all_red,0.0,3,1,1,0,1,2,0,2,0,-0.06701666701119394,False,policy
36.0,3,green,0.0,3,1,2,0,2,2,0,2,0,-0.05862083409447223,False,policy
37.0,3,green,1.0,3,1,2,0,3,0,0,0,1,-0.05069583507720381,False,policy
38.0,3,green,2.0,2,1,2,0,3,0,0,0,1,-0.05366250111255795,False,policy
39.0,3,green,3.0,2,1,2,0,3,0,1,0,1,-0.264529168093577,True,policy
40.0,3,all_red,0.0,1,1,2,1,3,0,1,0,2,-0.07390833478420973,False,policy
41.0,2,green,0.0,0,1,2,1,3,1,1,1,2,-0.07195000145584345,False,policy
42.0,2,green,1.0,0,1,2,1,3,1,0,1,0,-0.0764541678596288,False,policy
43.0,2,green,2.0,0,1,2,1,3,1,0,1,0,-0.08580833361484111,False,policy
44.0,2,green,3.0,0,1,2,2,3,1,0,2,0,-0.2920875003561378,True,policy
45.0,2,all_red,0.0,0,1,2,2,3,1,0,2,0,-0.10627916539087892,False,policy
46.0,0,green,0.0,1,2,2,2,3,1,1,3,1,-0.10210833372548223,False,policy
47.0,0,green,1.0,1,2,0,2,0,1,2,3,1,-0.10411250153556466,False,policy
48.0,0,green,2.0,1,2,0,2,0,1,2,3,1,-0.10882916804403067,False,policy
49.0,0,green,3.0,1,2,0,2,0,1,2,3,1,-0.3135458342730999,True,policy
50.0,0,all_red,0.0,1,2,0,2,0,1,2,3,1,-0.12457500221207737,False,policy
51.0,1,green,0.0,1,2,1,2,2,1,2,3,1,-0.1171208350919187,False,policy
52.0,1,green,1.0,2,0,1,0,2,1,2,3,1,-0.1163500003516674,False,policy
53.0,1,green,2.0,2,0,1,0,2,1,2,3,2,-0.12420416753739119,False,policy
54.0,1,green,3.0,2,0,1,0,3,1,2,3,2,-0.3305333341471851,True,policy
55.0,1,all_red,0.0,1,0,1,0,3,1,2,3,2,-0.1400249999947846,False,policy
56.0,2,green,0.0,3,1,1,1,3,1,2,4,2,-0.13752916678786278,False,policy
57.0,2,green,1.0,0,1,1,1,3,1,0,4,0,-0.14014583649113774,False,policy
58.0,2,green,2.0,0,1,1,1,3,1,0,4,0,-0.1543374978005886,False,policy
59.0,2,green,3.0,0,1,1,2,5,1,0,5,0,-0.3623791688121855,True,policy
60.0,2,all_red,0.0,0,1,1,2,5,1,0,5,0,-0.18627082854509353,False,policy
61.0,0,green,0.0,3,1,1,3,5,1,2,6,2,-0.17780000306665897,False,policy
62.0,0,green,1.0,3,1,0,3,1,1,2,6,2,-0.17700416445732117,False,policy
63.0,0,green,2.0,3,1,0,3,0,1,3,6,2,-0.18669583592563868,False,policy
64.0,0,green,3.0,3,1,0,4,0,1,3,6,2,-0.39961249828338624,True,policy
65.0,0,all_red,0.0,3,1,0,4,0,1,4,6,4,-0.21422916669398545,False,policy
66.0,3,green,0.0,3,1,1,5,2,1,4,6,4,-0.19763333406299352,False,policy
67.0,3,green,1.0,2,1,1,5,2,0,6,4,5,-0.17844583373516798,False,policy
68.0,3,green,2.0,2,1,2,5,2,0,6,2,5,-0.1890833280980587,False,policy
69.0,3,green,3.0,2,1,3,5,4,0,7,1,5,-0.38722083121538164,True,policy
70.0,3,all_red,0.0,2,1,3,5,4,0,7,0,5,-0.1979083376005292,False,policy
71.0,2,green,0.0,0,1,4,5,4,1,7,1,5,-0.1880249984562397,False,policy
72.0,2,green,1.0,0,1,4,5,4,1,3,1,2,-0.18102917168289423,False,policy
73.0,2,green,2.0,0,1,6,5,5,1,0,1,0,-0.18930833134800196,False,policy
74.0,2,green,3.0,0,1,6,5,5,1,0,2,0,-0.394475001655519,True,policy
75.0,2,all_red,0.0,0,1,6,5,5,1,0,2,0,-0.221766665764153,False,policy
76.0,0,green,0.0,1,1,7,5,6,2,2,3,2,-0.21178333405405284,False,policy
77.0,0,green,1.0,1,1,3,5,2,2,2,4,2,-0.19836249873042106,False,policy
78.0,0,green,2.0,1,1,1,5,0,2,2,4,2,-0.2191916685551405,False,policy
79.0,0,green,3.0,1,1,0,5,0,3,4,5,4,-0.426033340767026,True,policy
80.0,0,all_red,0.0,2,1,0,5,0,3,5,5,4,-0.24870000183582305,False,policy
81.0,1,green,0.0,2,1,2,5,2,3,6,6,5,-0.2584708370268345,False,policy
82.0,1,green,1.0,2,0,2,3,2,3,8,6,6,-0.26248749569058416,False,policy
83.0,1,green,2.0,2,0,2,1,4,4,9,6,6,-0.28085416965186594,False,policy
84.0,1,green,3.0,2,0,4,0,4,4,10,6,6,-0.49462083242833615,True,policy
85.0,1,all_red,0.0,2,0,5,0,6,4,11,6,7,-0.3180500041693449,False,policy
86.0,2,green,0.0,3,1,6,1,6,4,12,6,7,-0.3177416641265154,False,policy
87.0,2,green,1.0,0,1,7,1,7,4,10,6,4,-0.3141708381474018,False,policy
88.0,2,green,2.0,0,1,8,1,7,5,7,7,2,-0.31711249984800816,False,policy
89.0,2,green,3.0,0,1,9,2,7,5,5,7,0,-0.5199791613966227,True,policy
90.0,2,all_red,0.0,0,1,10,2,7,5,3,8,0,-0.3417583364993334,False,policy
91.0,0,green,0.0,3,1,12,3,7,6,4,8,2,-0.3366500038653612,False,policy
92.0,0,green,1.0,3,2,8,3,5,6,3,8,2,-0.32976666241884234,False,policy
93.0,0,green,2.0,3,2,6,4,1,7,3,9,2,-0.3435958314687014,False,policy
94.0,0,green,3.0,3,3,4,5,0,7,4,9,4,-0.5480250112712384,True,policy
95.0,0,all_red,0.0,3,3,2,5,0,8,6,9,5,-0.3666916660964489,False,policy
96.0,3,green,0.0,2,3,2,6,2,8,6,9,6,-0.3638041611760855,False,policy
97.0,3,green,1.0,2,3,2,6,2,6,8,7,8,-0.35831249207258226,False,policy
98.0,3,green,2.0,2,3,4,7,3,5,9,5,8,-0.373112503439188,False,policy
99.0,3,green,3.0,2,3,4,8,4,4,10,4,9,-0.5785624995827675,True,policy
100.0,3,all_red,0.0,2,3,6,8,6,3,12,3,9,-0.3951625101268291,False,policy
101.0,2,green,0.0,0,3,6,8,6,3,12,3,10,-0.3900666728615761,False,policy
102.0,2,green,1.0,0,3,8,8,8,1,10,1,7,-0.381595841050148,False,policy
103.0,2,green,2.0,0,3,10,8,10,1,9,1,3,-0.3911499924957752,False,policy
104.0,2,green,3.0,0,3,10,8,10,2,8,2,1,-0.5927916593849659,True,policy
105.0,2,all_red,0.0,0,3,12,8,11,2,6,3,0,-0.42125833928585055,False,policy
106.0,0,green,0.0,0,3,14,8,12,3,8,3,2,-0.41713750287890433,False,policy
107.0,0,green,1.0,1,3,10,8,9,4,6,4,2,-0.4030416689813137,False,policy
108.0,0,green,2.0,1,3,9,8,8,4,4,4,2,-0.41090831980109216,False,policy
109.0,0,green,3.0,1,3,6,8,5,5,5,5,4,-0.6077000066637993,True,policy
110.0,0,all_red,0.0,2,3,4,8,3,6,5,6,4,-0.42331666946411134,False,policy
111.0,1,green,0.0,2,3,4,8,4,6,6,6,6,-0.4245833270251751,False,policy
112.0,1,green,1.0,2,1,2,7,3,7,8,7,7,-0.4352749913930893,False,policy
113.0,1,green,2.0,2,0,3,5,4,8,9,8,8,-0.4590166762471199,False,policy
114.0,1,green,3.0,2,0,4,4,4,9,10,9,10,-0.6766958400607109,True,policy
115.0,1,all_red,0.0,2,0,5,3,6,9,12,9,10,-0.5040500000119209,False,policy
116.0,2,green,0.0,3,1,6,3,6,10,13,10,11,-0.49896666407585144,False,policy
117.0,2,green,1.0,0,1,8,2,8,10,10,10,7,-0.5000208236277104,False,policy
118.0,2,green,2.0,0,1,10,2,8,10,10,10,6,-0.5101250104606152,False,policy
119.0,2,green,3.0,0,2,10,2,10,11,8,10,3,-0.7218291848897934,True,policy
120.0,2,all_red,0.0,0,2,12,3,12,11,7,10,1,-0.5367583408951759,False,policy
121.0,0,green,0.0,3,2,13,3,12,12,8,10,2,-0.5411375015974045,False,policy
122.0,0,green,1.0,3,2,10,4,10,12,8,10,2,-0.5264666765928269,False,policy
123.0,0,green,2.0,3,2,8,5,9,12,5,11,2,-0.5286208271980286,False,policy
124.0,0,green,3.0,3,2,5,5,5,12,6,11,4,-0.7259125009179115,True,policy
125.0,0,all_red,0.0,2,2,3,6,4,12,6,11,4,-0.5356916517019272,False,policy
126.0,3,green,0.0,2,2,3,6,5,12,6,11,6,-0.5034333258867264,False,policy
127.0,3,green,1.0,2,2,2,7,4,10,8,9,8,-0.4747958317399025,False,policy
128.0,3,green,2.0,2,2,2,8,3,8,9,7,8,-0.498737508058548,False,policy
129.0,3,green,3.0,2,3,4,9,4,7,10,7,10,-0.7197791695594787,True,policy
130.0,3,all_red,0.0,2,3,6,9,6,7,12,6,12,-0.5379333317279815,False,policy
131.0,2,green,0.0,0,3,6,10,6,7,12,6,13,-0.5342249944806099,False,policy
132.0,2,green,1.0,0,3,8,10,8,5,10,4,9,-0.5224166557192802,False,policy
133.0,2,green,2.0,0,3,9,10,8,4,10,3,7,-0.5308958411216735,False,policy
134.0,2,green,3.0,0,3,10,10,10,4,7,4,4,-0.7361750110983849,True,policy
135.0,2,all_red,0.0,0,3,12,11,12,5,6,3,2,-0.5509416803717613,False,policy
136.0,0,green,0.0,0,3,13,11,12,4,8,3,3,-0.5437083333730698,False,policy
137.0,0,green,1.0,1,3,10,12,10,4,6,4,2,-0.5299249872565269,False,policy
138.0,0,green,2.0,1,3,7,12,10,4,4,5,2,-0.5412416577339172,False,policy
139.0,0,green,3.0,1,3,5,13,6,5,5,5,4,-0.7462458223104477,True,policy
140.0,0,all_red,0.0,1,3,3,13,6,6,5,6,6,-0.56229999512434,False,policy
141.0,1,green,0.0,2,3,3,14,7,7,6,7,6,-0.555662502348423,False,policy
142.0,1,green,1.0,2,1,2,12,5,7,8,7,8,-0.5605083227157592,False,policy
143.0,1,green,2.0,2,0,4,12,4,8,8,8,9,-0.5815374925732613,False,policy
144.0,1,green,3.0,2,0,4,10,5,9,10,9,10,-0.8027541697025299,True,policy
145.0,1,all_red,0.0,2,0,6,10,6,9,12,9,12,-0.6258208438754082,False,policy
146.0,2,green,0.0,0,1,6,10,6,10,12,11,12,-0.6360625043511391,False,policy
147.0,2,green,1.0,0,1,8,8,8,11,10,11,10,-0.6336791679263115,False,policy
148.0,2,green,2.0,0,1,9,8,9,12,10,12,7,-0.6491208299994469,False,policy
149.0,2,green,3.0,0,2,10,8,10,12,7,12,6,-0.8614624977111817,True,policy
150.0,2,all_red,0.0,0,2,12,7,12,13,7,13,4,-0.6817916467785835,False,policy
151.0,0,green,0.0,3,3,14,7,12,14,7,14,4,-0.6623458459973335,False,policy
152.0,0,green,1.0,3,4,10,6,10,14,5,15,2,-0.6614625096321106,False,policy
153.0,0,green,2.0,3,4,10,6,9,15,4,15,3,-0.6610166683793068,False,policy
154.0,0,green,3.0,3,4,6,6,8,15,4,15,4,-0.86514583081007,True,policy
155.0,0,all_red,0.0,2,4,4,6,7,15,6,15,6,-0.6787499889731408,False,policy
156.0,3,green,0.0,2,4,4,6,8,15,6,15,6,-0.6572166576981544,False,policy
157.0,3,green,1.0,2,4,2,7,6,13,8,13,8,-0.6434208199381828,False,policy
158.0,3,green,2.0,2,4,3,8,7,12,8,12,8,-0.6617249950766564,False,policy
159.0,3,green,3.0,2,4,4,8,6,10,10,10,10,-0.8722041785717011,True,policy
160.0,3,all_red,0.0,2,4,6,9,6,9,12,9,12,-0.6922583371400833,False,policy
161.0,2,green,0.0,0,4,6,10,6,9,14,9,14,-0.6911375105381012,False,policy
162.0,2,green,1.0,0,4,8,11,8,7,10,8,10,-0.6866916581988335,False,policy
163.0,2,green,2.0,0,5,9,12,10,6,8,6,10,-0.6972958222031593,False,policy
164.0,2,green,3.0,0,5,10,12,10,6,8,6,8,-0.904749995470047,True,policy
165.0,2,all_red,0.0,0,5,12,13,12,5,7,5,7,-0.7200916528701782,False,policy
166.0,0,green,0.0,0,5,13,14,14,5,7,6,7,-0.7046208456158638,False,policy
167.0,0,green,1.0,1,5,10,14,10,5,7,6,3,-0.6887500032782554,False,policy
168.0,0,green,2.0,1,6,9,15,10,4,5,5,3,-0.6957666724920273,False,policy
169.0,0,green,3.0,1,6,5,16,8,5,6,5,4,-0.8979708477854729,True,policy
170.0,0,all_red,0.0,1,6,3,17,7,6,7,6,5,-0.7112250030040741,False,policy
171.0,1,green,0.0,2,6,2,17,8,6,6,7,6,-0.7117250069975853,False,policy
172.0,1,green,1.0,2,4,2,16,7,7,8,7,8,-0.7048833295702934,False,policy
173.0,1,green,2.0,2,2,3,16,4,8,9,8,8,-0.7293249994516373,False,policy
174.0,1,green,3.0,2,1,4,14,5,8,10,9,10,-0.942929157614708,True,policy
175.0,1,all_red,0.0,2,0,4,14,4,9,12,9,12,-0.77242082208395,False,policy
176.0,2,green,0.0,0,1,6,14,6,10,14,10,13,-0.7742374956607818,False,policy
177.0,2,green,1.0,0,1,8,12,8,11,10,11,10,-0.7744291841983795,False,policy
178.0,2,green,2.0,0,1,8,12,8,11,9,12,8,-0.7994833365082741,False,policy
179.0,2,green,3.0,0,2,10,13,10,12,8,13,7,-1.016887503862381,True,policy
180.0,2,all_red,0.0,3,3,12,13,12,13,7,14,6,-0.8407916635274887,False,policy
181.0,0,green,0.0,3,3,12,13,13,14,8,14,8,-0.8320208191871643,False,policy
182.0,0,green,1.0,3,4,10,13,10,15,7,15,5,-0.8261749774217606,False,policy
183.0,0,green,2.0,3,4,9,12,10,15,7,16,4,-0.8262916594743729,False,policy
184.0,0,green,3.0,3,5,7,12,7,16,5,16,4,-1.0325333416461944,True,policy
185.0,0,all_red,0.0,2,6,7,12,6,17,6,16,5,-0.8561875179409981,False,policy
186.0,3,green,0.0,0,6,6,13,8,18,6,17,6,-0.8286875173449516,False,policy
187.0,3,green,1.0,2,6,3,11,6,16,8,15,7,-0.8187833398580551,False,policy
188.0,3,green,2.0,2,6,4,12,5,15,10,14,9,-0.8282875046133995,False,policy
189.0,3,green,3.0,2,6,4,12,5,14,10,12,10,-1.032991673052311,True,policy
190.0,3,all_red,0.0,2,6,6,10,6,13,12,11,12,-0.8503583252429963,False,policy
191.0,2,green,0.0,0,6,6,10,6,13,13,11,13,-0.8506125018000603,False,policy
192.0,2,green,1.0,0,6,8,11,8,12,10,10,10,-0.8460166692733765,False,policy
193.0,2,green,2.0,0,6,9,12,10,10,10,9,9,-0.8554708451032639,False,policy
194.0,2,green,3.0,0,6,10,13,10,10,7,9,8,-1.0649125054478645,True,policy
195.0,2,all_red,0.0,1,6,12,13,12,9,7,9,6,-0.8790666744112968,False,policy
196.0,0,green,0.0,1,6,13,14,14,9,8,9,8,-0.8726958274841309,False,policy
197.0,0,green,1.0,1,6,10,15,10,9,7,9,7,-0.8582249894738198,False,policy
198.0,0,green,2.0,1,6,9,15,8,8,5,9,6,-0.8578666552901268,False,policy
199.0,0,green,3.0,1,6,8,16,8,8,7,7,5,-1.060558344423771,True,policy
200.0,0,all_red,0.0,1,6,7,17,8,8,5,7,6,-0.8726375162601471,False,policy
201.0,1,green,0.0,0,6,8,17,9,8,6,8,6,-0.8579583257436753,False,policy
202.0,1,green,1.0,2,4,5,17,7,7,8,7,8,-0.8530875042080879,False,policy
203.0,1,green,2.0,2,3,5,17,5,8,8,8,9,-0.8761666849255562,False,policy
204.0,1,green,3.0,2,2,4,15,8,9,10,9,11,-1.0852458357810975,True,policy
205.0,1,all_red,0.0,0,1,6,15,5,9,12,10,12,-0.9054375052452087,False,policy
206.0,2,green,0.0,0,1,6,16,6,10,12,10,13,-0.9178791582584381,False,policy
207.0,2,green,1.0,0,1,8,15,8,11,10,11,10,-0.9209208369255066,False,policy
208.0,2,green,2.0,0,1,9,14,9,11,10,12,10,-0.9319999992847443,False,policy
209.0,2,green,3.0,0,2,10,14,10,12,7,12,8,-1.1478416591882705,True,policy
210.0,2,all_red,0.0,1,3,12,13,12,13,6,13,6,-0.973270857334137,False,policy
211.0,0,green,0.0,3,3,13,13,13,14,8,14,8,-0.9734124958515167,False,policy
212.0,0,green,1.0,3,4,11,14,10,14,7,15,8,-0.9671541795134544,False,policy
213.0,0,green,2.0,3,5,10,13,10,15,7,15,5,-0.9705833315849304,False,policy
214.0,0,green,3.0,3,5,8,13,8,16,5,16,5,-1.1675875067710877,True,policy
215.0,0,all_red,0.0,2,6,8,13,6,17,4,17,5,-0.983975014090538,False,policy
216.0,3,green,0.0,0,6,9,13,8,17,6,18,6,-0.9526375070214271,False,policy
217.0,3,green,1.0,2,7,7,12,5,16,8,16,8,-0.9196500077843666,False,policy
218.0,3,green,2.0,2,8,6,12,6,16,8,14,8,-0.9267375037074089,False,policy
219.0,3,green,3.0,2,8,6,11,4,15,10,13,10,-1.11957498639822,True,policy
220.0,3,all_red,0.0,2,8,4,11,5,14,11,12,12,-0.9454625070095062,False,policy
221.0,2,green,0.0,0,8,6,11,6,15,12,12,12,-0.9502791643142701,False,policy
222.0,2,green,1.0,0,9,8,11,8,15,10,10,10,-0.9424333512783051,False,policy
223.0,2,green,2.0,0,9,9,11,9,13,10,9,9,-0.9568750023841858,False,policy
224.0,2,green,3.0,0,9,10,12,10,14,7,9,8,-1.1682166695594787,True,policy
225.0,2,all_red,0.0,1,9,12,13,12,14,6,8,7,-0.9874958246946335,False,policy
226.0,0,green,0.0,1,9,13,13,13,15,8,8,8,-0.9782249882817269,False,policy
227.0,0,green,1.0,1,9,10,14,10,15,6,8,7,-0.96867915391922,False,policy
228.0,0,green,2.0,1,9,9,15,9,14,6,8,7,-0.9672333285212517,False,policy
229.0,0,green,3.0,1,9,6,16,8,15,4,8,6,-1.1671499997377395,True,policy
230.0,0,all_red,0.0,1,9,6,17,6,15,6,8,6,-0.9859416753053665,False,policy
231.0,1,green,0.0,0,9,8,18,8,16,6,7,6,-0.9845333442091941,False,policy
232.0,1,green,1.0,2,7,6,16,6,15,8,7,8,-0.9893000110983848,False,policy
233.0,1,green,2.0,2,6,5,15,7,16,10,8,9,-1.0024749964475632,False,policy
234.0,1,green,3.0,2,4,7,15,6,16,10,8,10,-1.2078374952077866,True,policy
235.0,1,all_red,0.0,0,3,6,14,6,16,12,9,12,-1.0274625077843667,False,policy
236.0,2,green,0.0,0,3,6,16,6,17,13,10,13,-1.0198749989271163,False,policy
237.0,2,green,1.0,0,2,8,14,8,17,10,11,10,-1.0153124898672103,False,policy
238.0,2,green,2.0,0,2,9,14,8,16,10,11,10,-1.025587511062622,False,policy
239.0,2,green,3.0,0,2,10,14,10,16,8,12,8,-1.2343249917030334,True,policy
240.0,2,all_red,0.0,0,3,12,15,12,16,7,13,6,-1.0494874954223632,False,policy
241.0,0,green,0.0,2,3,14,14,12,16,8,13,8,-1.0407624900341035,False,policy
242.0,0,green,1.0,2,4,10,14,10,16,7,14,7,-1.0223624989390374,False,policy
243.0,0,green,2.0,2,4,10,13,10,15,6,15,5,-1.0294125124812126,False,policy
244.0,0,green,3.0,2,5,8,14,8,16,6,16,5,-1.225400012731552,True,policy
245.0,0,all_red,0.0,3,6,6,14,7,17,6,17,5,-1.0465999990701675,False,policy
246.0,2,green,0.0,3,6,8,13,8,18,6,18,6,-1.037662500143051,False,policy
247.0,2,green,1.0,3,7,8,13,7,19,4,18,4,-1.0159500002861024,False,policy
248.0,2,green,2.0,3,8,6,12,7,19,2,18,1,-1.0195999950170518,False,policy
249.0,2,green,3.0,3,9,6,12,6,20,0,18,0,-1.216899996995926,True,policy
250.0,2,all_red,0.0,3,9,5,11,6,20,0,18,0,-1.032450008392334,False,policy
251.0,3,green,0.0,0,10,6,11,6,21,2,18,2,-1.0443999990820885,False,policy
252.0,3,green,1.0,0,11,8,11,8,21,2,17,2,-1.03860000371933,False,policy
253.0,3,green,2.0,0,11,8,11,9,20,2,15,2,-1.0661750078201293,False,policy
254.0,3,green,3.0,0,12,10,12,10,19,4,14,4,-1.2781250178813934,True,policy
255.0,3,all_red,0.0,2,12,12,13,12,19,5,13,5,-1.0984375059604645,False,policy
256.0,0,green,0.0,1,13,14,14,13,20,6,13,6,-1.0984375059604645,False,policy
257.0,0,green,1.0,2,13,10,15,10,19,8,12,8,-1.0875000089406968,False,policy
258.0,0,green,2.0,2,13,8,15,10,18,9,10,8,-1.096875,False,policy
259.0,0,green,3.0,2,13,8,16,8,19,10,10,10,-1.2968750149011612,True,policy
260.0,0,all_red,0.0,1,13,7,17,7,20,12,9,12,-1.1093750178813935,False,policy
261.0,2,green,0.0,1,13,7,18,8,19,13,9,14,-1.0953125089406968,False,policy
262.0,2,green,1.0,1,13,7,18,6,19,10,9,10,-1.0718750089406968,False,policy
263.0,2,green,2.0,1,13,5,19,6,18,10,8,8,-1.070312488079071,False,policy
264.0,2,green,3.0,1,13,6,20,6,18,7,8,7,-1.262499988079071,True,policy
265.0,2,all_red,0.0,1,13,5,21,5,18,7,8,7,-1.0671875059604645,False,policy
266.0,1,green,0.0,0,13,6,21,6,17,7,7,8,-1.0671875059604645,False,policy
267.0,1,green,1.0,0,11,8,20,8,17,6,7,8,-1.0531249970197678,False,policy
268.0,1,green,2.0,0,9,10,19,8,17,5,8,4,-1.0656250149011612,False,policy
269.0,1,green,3.0,0,8,10,19,10,17,4,9,6,-1.2593750059604645,True,policy
270.0,1,all_red,0.0,2,7,12,18,12,15,5,9,5,-1.0718749940395356,False,policy
271.0,0,green,0.0,0,7,14,18,12,15,6,10,6,-1.065625,False,policy
272.0,0,green,1.0,2,5,11,17,10,16,7,11,8,-1.053125011920929,False,policy
273.0,0,green,2.0,2,5,9,15,8,15,9,11,8,-1.0609374970197678,False,policy
274.0,0,green,3.0,2,4,8,15,8,15,10,12,10,-1.2640624940395355,True,policy
275.0,0,all_red,0.0,3,4,7,15,7,15,12,13,12,-1.0656249850988389,False,policy
276.0,2,green,0.0,0,3,8,14,8,14,13,14,13,-1.0562499940395356,False,policy
277.0,2,green,1.0,0,4,6,14,7,15,10,15,10,-1.0437500059604645,False,policy
278.0,2,green,2.0,3,4,7,14,4,15,10,15,10,-1.035937498509884,False,policy
279.0,2,green,3.0,3,5,5,13,5,16,7,16,8,-1.2359374985098839,True,policy
280.0,2,all_red,0.0,3,6,6,13,6,17,6,17,6,-1.0531249895691872,False,policy
281.0,3,green,0.0,0,6,6,13,6,18,8,18,8,-1.0500000149011612,False,policy
282.0,3,green,1.0,0,7,8,12,8,16,6,16,5,-1.0562499940395356,False,policy
283.0,3,green,2.0,0,8,10,12,10,16,6,15,7,-1.0546875029802323,False,policy
284.0,3,green,3.0,0,9,10,12,10,15,6,13,6,-1.25,True,policy
285.0,3,all_red,0.0,2,10,12,10,12,15,5,12,5,-1.0593749910593033,False,policy
286.0,0,green,0.0,2,10,12,10,12,16,6,12,6,-1.0625000029802323,False,policy
287.0,0,green,1.0,2,11,11,11,10,15,8,11,8,-1.0562499940395356,False,policy
288.0,0,green,2.0,2,12,9,11,10,14,8,9,9,-1.0671874910593033,False,policy
289.0,0,green,3.0,2,12,8,12,7,15,10,9,10,-1.268750011920929,True,policy
290.0,0,all_red,0.0,1,12,8,13,6,16,12,8,12,-1.0843749821186066,False,policy
291.0,2,green,0.0,1,12,8,14,8,16,14,8,13,-1.0640625089406968,False,policy
292.0,2,green,1.0,1,12,7,14,5,16,10,8,10,-1.060937511920929,False,policy
293.0,2,green,2.0,1,12,7,15,5,16,10,8,9,-1.0531249895691872,False,policy
294.0,2,green,3.0,1,12,6,16,6,17,7,7,8,-1.2437499910593033,True,policy
295.0,2,all_red,0.0,0,12,5,17,8,17,7,7,6,-1.0453125044703484,False,policy
296.0,1,green,0.0,0,12,6,17,6,17,8,6,8,-1.0484374940395356,False,policy
297.0,1,green,1.0,0,10,8,16,8,16,8,7,7,-1.0390625178813935,False,policy
298.0,1,green,2.0,0,9,8,15,9,16,5,8,6,-1.0453124895691872,False,policy
299.0,1,green,3.0,0,7,10,15,10,15,6,9,5,-1.246874988079071,True,policy
